2026-05-14 14:14:28,171 - trade_team - INFO - 🚀 外贸团队协作工具 API 启动中...
2026-05-14 14:14:28,173 - sqlalchemy.engine.Engine - INFO - BEGIN (implicit)
2026-05-14 14:14:28,173 - sqlalchemy.engine.Engine - INFO - PRAGMA main.table_info("users")
2026-05-14 14:14:28,174 - sqlalchemy.engine.Engine - INFO - [raw sql] ()
2026-05-14 14:14:28,175 - sqlalchemy.engine.Engine - INFO - PRAGMA temp.table_info("users")
2026-05-14 14:14:28,175 - sqlalchemy.engine.Engine - INFO - [raw sql] ()
2026-05-14 14:14:28,176 - sqlalchemy.engine.Engine - INFO - PRAGMA main.table_info("products")
2026-05-14 14:14:28,176 - sqlalchemy.engine.Engine - INFO - [raw sql] ()
2026-05-14 14:14:28,177 - sqlalchemy.engine.Engine - INFO - PRAGMA temp.table_info("products")
2026-05-14 14:14:28,177 - sqlalchemy.engine.Engine - INFO - [raw sql] ()
2026-05-14 14:14:28,178 - sqlalchemy.engine.Engine - INFO - PRAGMA main.table_info("suppliers")
2026-05-14 14:14:28,178 - sqlalchemy.engine.Engine - INFO - [raw sql] ()
2026-05-14 14:14:28,178 - sqlalchemy.engine.Engine - INFO - PRAGMA temp.table_info("suppliers")
2026-05-14 14:14:28,179 - sqlalchemy.engine.Engine - INFO - [raw sql] ()
2026-05-14 14:14:28,181 - sqlalchemy.engine.Engine - INFO - 
CREATE TABLE users (
	id INTEGER NOT NULL, 
	username VARCHAR(50) NOT NULL, 
	email VARCHAR(100) NOT NULL, 
	hashed_password VARCHAR(128) NOT NULL, 
	full_name VARCHAR(100), 
	role VARCHAR(20), 
	is_active BOOLEAN, 
	avatar VARCHAR(255), 
	created_at DATETIME DEFAULT (CURRENT_TIMESTAMP), 
	updated_at DATETIME DEFAULT (CURRENT_TIMESTAMP), 
	PRIMARY KEY (id)
)


2026-05-14 14:14:28,181 - sqlalchemy.engine.Engine - INFO - [no key 0.00041s] ()
2026-05-14 14:14:28,201 - sqlalchemy.engine.Engine - INFO - CREATE INDEX ix_users_id ON users (id)
2026-05-14 14:14:28,201 - sqlalchemy.engine.Engine - INFO - [no key 0.00059s] ()
2026-05-14 14:14:28,209 - sqlalchemy.engine.Engine - INFO - CREATE UNIQUE INDEX ix_users_username ON users (username)
2026-05-14 14:14:28,210 - sqlalchemy.engine.Engine - INFO - [no key 0.00043s] ()
2026-05-14 14:14:28,225 - sqlalchemy.engine.Engine - INFO - CREATE UNIQUE INDEX ix_users_email ON users (email)
2026-05-14 14:14:28,225 - sqlalchemy.engine.Engine - INFO - [no key 0.00067s] ()
2026-05-14 14:14:28,231 - sqlalchemy.engine.Engine - INFO - 
CREATE TABLE suppliers (
	id INTEGER NOT NULL, 
	name VARCHAR(200) NOT NULL, 
	contact_person VARCHAR(100), 
	phone VARCHAR(50), 
	email VARCHAR(100), 
	wechat VARCHAR(100), 
	address TEXT, 
	city VARCHAR(100), 
	province VARCHAR(100), 
	country VARCHAR(50), 
	website VARCHAR(300), 
	alibaba_store VARCHAR(300), 
	rating FLOAT, 
	notes TEXT, 
	is_active BOOLEAN, 
	created_by INTEGER, 
	created_at DATETIME DEFAULT (CURRENT_TIMESTAMP), 
	updated_at DATETIME DEFAULT (CURRENT_TIMESTAMP), 
	PRIMARY KEY (id)
)


2026-05-14 14:14:28,232 - sqlalchemy.engine.Engine - INFO - [no key 0.00052s] ()
2026-05-14 14:14:28,241 - sqlalchemy.engine.Engine - INFO - CREATE INDEX ix_suppliers_name ON suppliers (name)
2026-05-14 14:14:28,242 - sqlalchemy.engine.Engine - INFO - [no key 0.00069s] ()
2026-05-14 14:14:28,247 - sqlalchemy.engine.Engine - INFO - CREATE INDEX ix_suppliers_id ON suppliers (id)
2026-05-14 14:14:28,248 - sqlalchemy.engine.Engine - INFO - [no key 0.00077s] ()
2026-05-14 14:14:28,259 - sqlalchemy.engine.Engine - INFO - 
CREATE TABLE products (
	id INTEGER NOT NULL, 
	name VARCHAR(200) NOT NULL, 
	sku VARCHAR(100) NOT NULL, 
	category VARCHAR(100), 
	description TEXT, 
	price_cny FLOAT, 
	price_usd FLOAT, 
	cost FLOAT, 
	weight FLOAT, 
	length FLOAT, 
	width FLOAT, 
	height FLOAT, 
	stock INTEGER, 
	min_order_qty INTEGER, 
	image_url VARCHAR(500), 
	status VARCHAR(20), 
	supplier_id INTEGER, 
	tags VARCHAR(500), 
	alibaba_link VARCHAR(500), 
	created_by INTEGER, 
	created_at DATETIME DEFAULT (CURRENT_TIMESTAMP), 
	updated_at DATETIME DEFAULT (CURRENT_TIMESTAMP), 
	PRIMARY KEY (id), 
	FOREIGN KEY(supplier_id) REFERENCES suppliers (id), 
	FOREIGN KEY(created_by) REFERENCES users (id)
)


2026-05-14 14:14:28,260 - sqlalchemy.engine.Engine - INFO - [no key 0.00057s] ()
2026-05-14 14:14:28,266 - sqlalchemy.engine.Engine - INFO - CREATE INDEX ix_products_id ON products (id)
2026-05-14 14:14:28,267 - sqlalchemy.engine.Engine - INFO - [no key 0.00081s] ()
2026-05-14 14:14:28,277 - sqlalchemy.engine.Engine - INFO - CREATE UNIQUE INDEX ix_products_sku ON products (sku)
2026-05-14 14:14:28,277 - sqlalchemy.engine.Engine - INFO - [no key 0.00049s] ()
2026-05-14 14:14:28,294 - sqlalchemy.engine.Engine - INFO - CREATE INDEX ix_products_name ON products (name)
2026-05-14 14:14:28,294 - sqlalchemy.engine.Engine - INFO - [no key 0.00060s] ()
2026-05-14 14:14:28,309 - sqlalchemy.engine.Engine - INFO - COMMIT
2026-05-14 14:14:28,309 - trade_team - INFO - ✅ 数据库初始化完成
2026-05-14 14:14:28,322 - trade_team - INFO - 👋 API 关闭
2026-05-14 14:14:42,683 - trade_team - INFO - 🚀 外贸团队协作工具 API 启动中...
2026-05-14 14:14:42,685 - sqlalchemy.engine.Engine - INFO - BEGIN (implicit)
2026-05-14 14:14:42,685 - sqlalchemy.engine.Engine - INFO - PRAGMA main.table_info("users")
2026-05-14 14:14:42,686 - sqlalchemy.engine.Engine - INFO - [raw sql] ()
2026-05-14 14:14:42,687 - sqlalchemy.engine.Engine - INFO - PRAGMA main.table_info("products")
2026-05-14 14:14:42,687 - sqlalchemy.engine.Engine - INFO - [raw sql] ()
2026-05-14 14:14:42,688 - sqlalchemy.engine.Engine - INFO - PRAGMA main.table_info("suppliers")
2026-05-14 14:14:42,689 - sqlalchemy.engine.Engine - INFO - [raw sql] ()
2026-05-14 14:14:42,689 - sqlalchemy.engine.Engine - INFO - COMMIT
2026-05-14 14:14:42,690 - trade_team - INFO - ✅ 数据库初始化完成
2026-05-14 14:18:44,037 - sqlalchemy.engine.Engine - INFO - BEGIN (implicit)
2026-05-14 14:18:44,048 - sqlalchemy.engine.Engine - INFO - SELECT users.id AS users_id, users.username AS users_username, users.email AS users_email, users.hashed_password AS users_hashed_password, users.full_name AS users_full_name, users.role AS users_role, users.is_active AS users_is_active, users.avatar AS users_avatar, users.created_at AS users_created_at, users.updated_at AS users_updated_at 
FROM users 
WHERE users.username = ?
 LIMIT ? OFFSET ?
2026-05-14 14:18:44,048 - sqlalchemy.engine.Engine - INFO - [generated in 0.00071s] ('admin', 1, 0)
2026-05-14 14:18:44,051 - sqlalchemy.engine.Engine - INFO - SELECT users.id AS users_id, users.username AS users_username, users.email AS users_email, users.hashed_password AS users_hashed_password, users.full_name AS users_full_name, users.role AS users_role, users.is_active AS users_is_active, users.avatar AS users_avatar, users.created_at AS users_created_at, users.updated_at AS users_updated_at 
FROM users 
WHERE users.email = ?
 LIMIT ? OFFSET ?
2026-05-14 14:18:44,051 - sqlalchemy.engine.Engine - INFO - [generated in 0.00045s] ('admin@test.com', 1, 0)
2026-05-14 14:18:44,053 - passlib.handlers.bcrypt - WARNING - (trapped) error reading bcrypt version
Traceback (most recent call last):
  File "/root/.hermes/hermes-agent/venv/lib/python3.11/site-packages/passlib/handlers/bcrypt.py", line 620, in _load_backend_mixin
    version = _bcrypt.__about__.__version__
              ^^^^^^^^^^^^^^^^^
AttributeError: module 'bcrypt' has no attribute '__about__'
2026-05-14 14:18:44,066 - sqlalchemy.engine.Engine - INFO - ROLLBACK
2026-05-14 14:19:29,976 - trade_team - INFO - 🚀 外贸团队协作工具 API 启动中...
2026-05-14 14:19:29,977 - sqlalchemy.engine.Engine - INFO - BEGIN (implicit)
2026-05-14 14:19:29,978 - sqlalchemy.engine.Engine - INFO - PRAGMA main.table_info("users")
2026-05-14 14:19:29,978 - sqlalchemy.engine.Engine - INFO - [raw sql] ()
2026-05-14 14:19:29,979 - sqlalchemy.engine.Engine - INFO - PRAGMA main.table_info("products")
2026-05-14 14:19:29,979 - sqlalchemy.engine.Engine - INFO - [raw sql] ()
2026-05-14 14:19:29,980 - sqlalchemy.engine.Engine - INFO - PRAGMA main.table_info("suppliers")
2026-05-14 14:19:29,980 - sqlalchemy.engine.Engine - INFO - [raw sql] ()
2026-05-14 14:19:29,981 - sqlalchemy.engine.Engine - INFO - COMMIT
2026-05-14 14:19:29,981 - trade_team - INFO - ✅ 数据库初始化完成
2026-05-14 14:19:29,984 - trade_team - INFO - 👋 API 关闭
2026-05-14 14:19:57,927 - trade_team - INFO - 🚀 外贸团队协作工具 API 启动中...
2026-05-14 14:19:57,929 - sqlalchemy.engine.Engine - INFO - BEGIN (implicit)
2026-05-14 14:19:57,930 - sqlalchemy.engine.Engine - INFO - PRAGMA main.table_info("users")
2026-05-14 14:19:57,930 - sqlalchemy.engine.Engine - INFO - [raw sql] ()
2026-05-14 14:19:57,932 - sqlalchemy.engine.Engine - INFO - PRAGMA main.table_info("products")
2026-05-14 14:19:57,932 - sqlalchemy.engine.Engine - INFO - [raw sql] ()
2026-05-14 14:19:57,973 - sqlalchemy.engine.Engine - INFO - PRAGMA main.table_info("suppliers")
2026-05-14 14:19:57,974 - sqlalchemy.engine.Engine - INFO - [raw sql] ()
2026-05-14 14:19:57,975 - sqlalchemy.engine.Engine - INFO - COMMIT
2026-05-14 14:19:57,975 - trade_team - INFO - ✅ 数据库初始化完成
2026-05-14 14:19:57,979 - trade_team - INFO - 👋 API 关闭
2026-05-14 14:58:43,696 - sqlalchemy.engine.Engine - INFO - BEGIN (implicit)
2026-05-14 14:58:43,701 - sqlalchemy.engine.Engine - INFO - SELECT users.id AS users_id, users.username AS users_username, users.email AS users_email, users.hashed_password AS users_hashed_password, users.full_name AS users_full_name, users.role AS users_role, users.is_active AS users_is_active, users.avatar AS users_avatar, users.created_at AS users_created_at, users.updated_at AS users_updated_at 
FROM users 
WHERE users.username = ?
 LIMIT ? OFFSET ?
2026-05-14 14:58:43,702 - sqlalchemy.engine.Engine - INFO - [cached since 2400s ago] ('admin', 1, 0)
2026-05-14 14:58:43,706 - sqlalchemy.engine.Engine - INFO - ROLLBACK
2026-05-14 15:01:59,868 - trade_team - INFO - 👋 API 关闭
2026-05-14 15:02:10,014 - trade_team - INFO - 🚀 外贸团队协作工具 API 启动中...
2026-05-14 15:02:10,016 - sqlalchemy.engine.Engine - INFO - BEGIN (implicit)
2026-05-14 15:02:10,016 - sqlalchemy.engine.Engine - INFO - PRAGMA main.table_info("users")
2026-05-14 15:02:10,016 - sqlalchemy.engine.Engine - INFO - [raw sql] ()
2026-05-14 15:02:10,058 - sqlalchemy.engine.Engine - INFO - PRAGMA main.table_info("products")
2026-05-14 15:02:10,059 - sqlalchemy.engine.Engine - INFO - [raw sql] ()
2026-05-14 15:02:10,059 - sqlalchemy.engine.Engine - INFO - PRAGMA main.table_info("suppliers")
2026-05-14 15:02:10,060 - sqlalchemy.engine.Engine - INFO - [raw sql] ()
2026-05-14 15:02:10,060 - sqlalchemy.engine.Engine - INFO - COMMIT
2026-05-14 15:02:10,061 - trade_team - INFO - ✅ 数据库初始化完成
2026-05-14 15:02:27,367 - sqlalchemy.engine.Engine - INFO - BEGIN (implicit)
2026-05-14 15:02:27,398 - sqlalchemy.engine.Engine - INFO - SELECT users.id AS users_id, users.username AS users_username, users.email AS users_email, users.hashed_password AS users_hashed_password, users.full_name AS users_full_name, users.role AS users_role, users.is_active AS users_is_active, users.avatar AS users_avatar, users.created_at AS users_created_at, users.updated_at AS users_updated_at 
FROM users 
WHERE users.username = ?
 LIMIT ? OFFSET ?
2026-05-14 15:02:27,398 - sqlalchemy.engine.Engine - INFO - [generated in 0.00111s] ('admin', 1, 0)
2026-05-14 15:02:27,991 - trade_team - INFO - 用户登录: admin
2026-05-14 15:02:27,995 - sqlalchemy.engine.Engine - INFO - ROLLBACK
2026-05-14 15:05:08,339 - sqlalchemy.engine.Engine - INFO - BEGIN (implicit)
2026-05-14 15:05:08,339 - sqlalchemy.engine.Engine - INFO - SELECT users.id AS users_id, users.username AS users_username, users.email AS users_email, users.hashed_password AS users_hashed_password, users.full_name AS users_full_name, users.role AS users_role, users.is_active AS users_is_active, users.avatar AS users_avatar, users.created_at AS users_created_at, users.updated_at AS users_updated_at 
FROM users 
WHERE users.username = ?
 LIMIT ? OFFSET ?
2026-05-14 15:05:08,340 - sqlalchemy.engine.Engine - INFO - [cached since 160.9s ago] ('admin', 1, 0)
2026-05-14 15:05:08,884 - trade_team - INFO - 用户登录: admin
2026-05-14 15:05:08,888 - sqlalchemy.engine.Engine - INFO - ROLLBACK
2026-05-14 15:05:08,915 - sqlalchemy.engine.Engine - INFO - BEGIN (implicit)
2026-05-14 15:05:08,918 - sqlalchemy.engine.Engine - INFO - SELECT users.id AS users_id, users.username AS users_username, users.email AS users_email, users.hashed_password AS users_hashed_password, users.full_name AS users_full_name, users.role AS users_role, users.is_active AS users_is_active, users.avatar AS users_avatar, users.created_at AS users_created_at, users.updated_at AS users_updated_at 
FROM users 
WHERE users.id = ?
 LIMIT ? OFFSET ?
2026-05-14 15:05:08,918 - sqlalchemy.engine.Engine - INFO - [generated in 0.00045s] (1, 1, 0)
2026-05-14 15:05:08,931 - sqlalchemy.engine.Engine - INFO - SELECT count(*) AS count_1 
FROM (SELECT products.id AS products_id, products.name AS products_name, products.sku AS products_sku, products.category AS products_category, products.description AS products_description, products.price_cny AS products_price_cny, products.price_usd AS products_price_usd, products.cost AS products_cost, products.weight AS products_weight, products.length AS products_length, products.width AS products_width, products.height AS products_height, products.stock AS products_stock, products.min_order_qty AS products_min_order_qty, products.image_url AS products_image_url, products.status AS products_status, products.supplier_id AS products_supplier_id, products.tags AS products_tags, products.alibaba_link AS products_alibaba_link, products.created_by AS products_created_by, products.created_at AS products_created_at, products.updated_at AS products_updated_at 
FROM products) AS anon_1
2026-05-14 15:05:08,931 - sqlalchemy.engine.Engine - INFO - [generated in 0.00061s] ()
2026-05-14 15:05:08,934 - sqlalchemy.engine.Engine - INFO - SELECT products.id AS products_id, products.name AS products_name, products.sku AS products_sku, products.category AS products_category, products.description AS products_description, products.price_cny AS products_price_cny, products.price_usd AS products_price_usd, products.cost AS products_cost, products.weight AS products_weight, products.length AS products_length, products.width AS products_width, products.height AS products_height, products.stock AS products_stock, products.min_order_qty AS products_min_order_qty, products.image_url AS products_image_url, products.status AS products_status, products.supplier_id AS products_supplier_id, products.tags AS products_tags, products.alibaba_link AS products_alibaba_link, products.created_by AS products_created_by, products.created_at AS products_created_at, products.updated_at AS products_updated_at 
FROM products ORDER BY products.created_at DESC
 LIMIT ? OFFSET ?
2026-05-14 15:05:08,934 - sqlalchemy.engine.Engine - INFO - [generated in 0.00038s] (20, 0)
2026-05-14 15:05:08,939 - sqlalchemy.engine.Engine - INFO - ROLLBACK
2026-05-14 15:05:08,995 - sqlalchemy.engine.Engine - INFO - BEGIN (implicit)
2026-05-14 15:05:08,996 - sqlalchemy.engine.Engine - INFO - SELECT users.id AS users_id, users.username AS users_username, users.email AS users_email, users.hashed_password AS users_hashed_password, users.full_name AS users_full_name, users.role AS users_role, users.is_active AS users_is_active, users.avatar AS users_avatar, users.created_at AS users_created_at, users.updated_at AS users_updated_at 
FROM users 
WHERE users.id = ?
 LIMIT ? OFFSET ?
2026-05-14 15:05:08,996 - sqlalchemy.engine.Engine - INFO - [cached since 0.07835s ago] (1, 1, 0)
2026-05-14 15:05:09,004 - sqlalchemy.engine.Engine - INFO - SELECT count(*) AS count_1 
FROM (SELECT suppliers.id AS suppliers_id, suppliers.name AS suppliers_name, suppliers.contact_person AS suppliers_contact_person, suppliers.phone AS suppliers_phone, suppliers.email AS suppliers_email, suppliers.wechat AS suppliers_wechat, suppliers.address AS suppliers_address, suppliers.city AS suppliers_city, suppliers.province AS suppliers_province, suppliers.country AS suppliers_country, suppliers.website AS suppliers_website, suppliers.alibaba_store AS suppliers_alibaba_store, suppliers.rating AS suppliers_rating, suppliers.notes AS suppliers_notes, suppliers.is_active AS suppliers_is_active, suppliers.created_by AS suppliers_created_by, suppliers.created_at AS suppliers_created_at, suppliers.updated_at AS suppliers_updated_at 
FROM suppliers) AS anon_1
2026-05-14 15:05:09,005 - sqlalchemy.engine.Engine - INFO - [generated in 0.00086s] ()
2026-05-14 15:05:09,008 - sqlalchemy.engine.Engine - INFO - SELECT suppliers.id AS suppliers_id, suppliers.name AS suppliers_name, suppliers.contact_person AS suppliers_contact_person, suppliers.phone AS suppliers_phone, suppliers.email AS suppliers_email, suppliers.wechat AS suppliers_wechat, suppliers.address AS suppliers_address, suppliers.city AS suppliers_city, suppliers.province AS suppliers_province, suppliers.country AS suppliers_country, suppliers.website AS suppliers_website, suppliers.alibaba_store AS suppliers_alibaba_store, suppliers.rating AS suppliers_rating, suppliers.notes AS suppliers_notes, suppliers.is_active AS suppliers_is_active, suppliers.created_by AS suppliers_created_by, suppliers.created_at AS suppliers_created_at, suppliers.updated_at AS suppliers_updated_at 
FROM suppliers ORDER BY suppliers.created_at DESC
 LIMIT ? OFFSET ?
2026-05-14 15:05:09,009 - sqlalchemy.engine.Engine - INFO - [generated in 0.00062s] (20, 0)
2026-05-14 15:05:09,012 - sqlalchemy.engine.Engine - INFO - ROLLBACK
2026-05-14 15:05:09,123 - sqlalchemy.engine.Engine - INFO - BEGIN (implicit)
2026-05-14 15:05:09,125 - sqlalchemy.engine.Engine - INFO - SELECT users.id AS users_id, users.username AS users_username, users.email AS users_email, users.hashed_password AS users_hashed_password, users.full_name AS users_full_name, users.role AS users_role, users.is_active AS users_is_active, users.avatar AS users_avatar, users.created_at AS users_created_at, users.updated_at AS users_updated_at 
FROM users 
WHERE users.id = ?
 LIMIT ? OFFSET ?
2026-05-14 15:05:09,125 - sqlalchemy.engine.Engine - INFO - [cached since 0.2073s ago] (1, 1, 0)
2026-05-14 15:05:09,302 - httpx - INFO - HTTP Request: GET https://api.frankfurter.app/latest?from=CNY&to=USD%2CEUR%2CGBP%2CJPY "HTTP/1.1 301 Moved Permanently"
2026-05-14 15:05:09,305 - trade_team - ERROR - 汇率API请求失败: Redirect response '301 Moved Permanently' for url 'https://api.frankfurter.app/latest?from=CNY&to=USD%2CEUR%2CGBP%2CJPY'
Redirect location: 'https://api.frankfurter.dev/v1/latest?from=CNY&to=USD%2CEUR%2CGBP%2CJPY'
For more information check: https://developer.mozilla.org/en-US/docs/Web/HTTP/Status/301
2026-05-14 15:05:09,311 - sqlalchemy.engine.Engine - INFO - ROLLBACK
2026-05-14 15:05:09,344 - sqlalchemy.engine.Engine - INFO - BEGIN (implicit)
2026-05-14 15:05:09,345 - sqlalchemy.engine.Engine - INFO - SELECT users.id AS users_id, users.username AS users_username, users.email AS users_email, users.hashed_password AS users_hashed_password, users.full_name AS users_full_name, users.role AS users_role, users.is_active AS users_is_active, users.avatar AS users_avatar, users.created_at AS users_created_at, users.updated_at AS users_updated_at 
FROM users 
WHERE users.id = ?
 LIMIT ? OFFSET ?
2026-05-14 15:05:09,345 - sqlalchemy.engine.Engine - INFO - [cached since 0.4275s ago] (1, 1, 0)
2026-05-14 15:05:09,347 - sqlalchemy.engine.Engine - INFO - SELECT count(*) AS count_1 
FROM (SELECT products.id AS products_id, products.name AS products_name, products.sku AS products_sku, products.category AS products_category, products.description AS products_description, products.price_cny AS products_price_cny, products.price_usd AS products_price_usd, products.cost AS products_cost, products.weight AS products_weight, products.length AS products_length, products.width AS products_width, products.height AS products_height, products.stock AS products_stock, products.min_order_qty AS products_min_order_qty, products.image_url AS products_image_url, products.status AS products_status, products.supplier_id AS products_supplier_id, products.tags AS products_tags, products.alibaba_link AS products_alibaba_link, products.created_by AS products_created_by, products.created_at AS products_created_at, products.updated_at AS products_updated_at 
FROM products) AS anon_1
2026-05-14 15:05:09,347 - sqlalchemy.engine.Engine - INFO - [cached since 0.4167s ago] ()
2026-05-14 15:05:09,353 - sqlalchemy.engine.Engine - INFO - SELECT count(*) AS count_1 
FROM (SELECT products.id AS products_id, products.name AS products_name, products.sku AS products_sku, products.category AS products_category, products.description AS products_description, products.price_cny AS products_price_cny, products.price_usd AS products_price_usd, products.cost AS products_cost, products.weight AS products_weight, products.length AS products_length, products.width AS products_width, products.height AS products_height, products.stock AS products_stock, products.min_order_qty AS products_min_order_qty, products.image_url AS products_image_url, products.status AS products_status, products.supplier_id AS products_supplier_id, products.tags AS products_tags, products.alibaba_link AS products_alibaba_link, products.created_by AS products_created_by, products.created_at AS products_created_at, products.updated_at AS products_updated_at 
FROM products 
WHERE products.status = ?) AS anon_1
2026-05-14 15:05:09,354 - sqlalchemy.engine.Engine - INFO - [generated in 0.00078s] ('active',)
2026-05-14 15:05:09,368 - sqlalchemy.engine.Engine - INFO - SELECT count(*) AS count_1 
FROM (SELECT suppliers.id AS suppliers_id, suppliers.name AS suppliers_name, suppliers.contact_person AS suppliers_contact_person, suppliers.phone AS suppliers_phone, suppliers.email AS suppliers_email, suppliers.wechat AS suppliers_wechat, suppliers.address AS suppliers_address, suppliers.city AS suppliers_city, suppliers.province AS suppliers_province, suppliers.country AS suppliers_country, suppliers.website AS suppliers_website, suppliers.alibaba_store AS suppliers_alibaba_store, suppliers.rating AS suppliers_rating, suppliers.notes AS suppliers_notes, suppliers.is_active AS suppliers_is_active, suppliers.created_by AS suppliers_created_by, suppliers.created_at AS suppliers_created_at, suppliers.updated_at AS suppliers_updated_at 
FROM suppliers 
WHERE suppliers.is_active = 1) AS anon_1
2026-05-14 15:05:09,370 - sqlalchemy.engine.Engine - INFO - [generated in 0.00217s] ()
2026-05-14 15:05:09,377 - sqlalchemy.engine.Engine - INFO - SELECT coalesce(sum(products.stock), ?) AS coalesce_1 
FROM products
2026-05-14 15:05:09,379 - sqlalchemy.engine.Engine - INFO - [generated in 0.00258s] (0,)
2026-05-14 15:05:09,386 - sqlalchemy.engine.Engine - INFO - SELECT coalesce(sum(products.price_cny * products.stock), ?) AS coalesce_1 
FROM products
2026-05-14 15:05:09,388 - sqlalchemy.engine.Engine - INFO - [generated in 0.00156s] (0,)
2026-05-14 15:05:09,393 - sqlalchemy.engine.Engine - INFO - SELECT coalesce(sum(products.price_usd * products.stock), ?) AS coalesce_1 
FROM products
2026-05-14 15:05:09,394 - sqlalchemy.engine.Engine - INFO - [generated in 0.00172s] (0,)
2026-05-14 15:05:09,399 - sqlalchemy.engine.Engine - INFO - SELECT products.category AS products_category, count(products.id) AS count_1 
FROM products 
WHERE products.category != ? GROUP BY products.category
2026-05-14 15:05:09,401 - sqlalchemy.engine.Engine - INFO - [generated in 0.00186s] ('',)
2026-05-14 15:05:09,413 - sqlalchemy.engine.Engine - INFO - SELECT count(*) AS count_1 
FROM (SELECT products.id AS products_id, products.name AS products_name, products.sku AS products_sku, products.category AS products_category, products.description AS products_description, products.price_cny AS products_price_cny, products.price_usd AS products_price_usd, products.cost AS products_cost, products.weight AS products_weight, products.length AS products_length, products.width AS products_width, products.height AS products_height, products.stock AS products_stock, products.min_order_qty AS products_min_order_qty, products.image_url AS products_image_url, products.status AS products_status, products.supplier_id AS products_supplier_id, products.tags AS products_tags, products.alibaba_link AS products_alibaba_link, products.created_by AS products_created_by, products.created_at AS products_created_at, products.updated_at AS products_updated_at 
FROM products 
WHERE products.stock < ? AND products.stock > ?) AS anon_1
2026-05-14 15:05:09,415 - sqlalchemy.engine.Engine - INFO - [generated in 0.00305s] (10, 0)
2026-05-14 15:05:09,426 - sqlalchemy.engine.Engine - INFO - SELECT count(*) AS count_1 
FROM (SELECT products.id AS products_id, products.name AS products_name, products.sku AS products_sku, products.category AS products_category, products.description AS products_description, products.price_cny AS products_price_cny, products.price_usd AS products_price_usd, products.cost AS products_cost, products.weight AS products_weight, products.length AS products_length, products.width AS products_width, products.height AS products_height, products.stock AS products_stock, products.min_order_qty AS products_min_order_qty, products.image_url AS products_image_url, products.status AS products_status, products.supplier_id AS products_supplier_id, products.tags AS products_tags, products.alibaba_link AS products_alibaba_link, products.created_by AS products_created_by, products.created_at AS products_created_at, products.updated_at AS products_updated_at 
FROM products 
WHERE products.stock = ?) AS anon_1
2026-05-14 15:05:09,428 - sqlalchemy.engine.Engine - INFO - [generated in 0.00172s] (0,)
2026-05-14 15:05:09,432 - sqlalchemy.engine.Engine - INFO - SELECT products.status AS products_status, count(products.id) AS count_1 
FROM products GROUP BY products.status
2026-05-14 15:05:09,433 - sqlalchemy.engine.Engine - INFO - [generated in 0.00101s] ()
2026-05-14 15:05:09,437 - sqlalchemy.engine.Engine - INFO - ROLLBACK
2026-05-14 15:05:14,669 - sqlalchemy.engine.Engine - INFO - BEGIN (implicit)
2026-05-14 15:05:14,670 - sqlalchemy.engine.Engine - INFO - SELECT users.id AS users_id, users.username AS users_username, users.email AS users_email, users.hashed_password AS users_hashed_password, users.full_name AS users_full_name, users.role AS users_role, users.is_active AS users_is_active, users.avatar AS users_avatar, users.created_at AS users_created_at, users.updated_at AS users_updated_at 
FROM users 
WHERE users.username = ?
 LIMIT ? OFFSET ?
2026-05-14 15:05:14,670 - sqlalchemy.engine.Engine - INFO - [cached since 167.3s ago] ('admin', 1, 0)
2026-05-14 15:05:15,203 - trade_team - INFO - 用户登录: admin
2026-05-14 15:05:15,205 - sqlalchemy.engine.Engine - INFO - ROLLBACK
2026-05-14 15:05:15,225 - sqlalchemy.engine.Engine - INFO - BEGIN (implicit)
2026-05-14 15:05:15,226 - sqlalchemy.engine.Engine - INFO - SELECT users.id AS users_id, users.username AS users_username, users.email AS users_email, users.hashed_password AS users_hashed_password, users.full_name AS users_full_name, users.role AS users_role, users.is_active AS users_is_active, users.avatar AS users_avatar, users.created_at AS users_created_at, users.updated_at AS users_updated_at 
FROM users 
WHERE users.id = ?
 LIMIT ? OFFSET ?
2026-05-14 15:05:15,227 - sqlalchemy.engine.Engine - INFO - [cached since 6.309s ago] (1, 1, 0)
2026-05-14 15:05:15,326 - httpx - INFO - HTTP Request: GET https://api.frankfurter.app/latest?from=USD&to=CNY "HTTP/1.1 301 Moved Permanently"
2026-05-14 15:05:15,328 - trade_team - ERROR - 汇率API请求失败: Redirect response '301 Moved Permanently' for url 'https://api.frankfurter.app/latest?from=USD&to=CNY'
Redirect location: 'https://api.frankfurter.dev/v1/latest?from=USD&to=CNY'
For more information check: https://developer.mozilla.org/en-US/docs/Web/HTTP/Status/301
2026-05-14 15:05:15,331 - sqlalchemy.engine.Engine - INFO - ROLLBACK
2026-05-14 15:05:15,351 - sqlalchemy.engine.Engine - INFO - BEGIN (implicit)
2026-05-14 15:05:15,352 - sqlalchemy.engine.Engine - INFO - SELECT users.id AS users_id, users.username AS users_username, users.email AS users_email, users.hashed_password AS users_hashed_password, users.full_name AS users_full_name, users.role AS users_role, users.is_active AS users_is_active, users.avatar AS users_avatar, users.created_at AS users_created_at, users.updated_at AS users_updated_at 
FROM users 
WHERE users.id = ?
 LIMIT ? OFFSET ?
2026-05-14 15:05:15,352 - sqlalchemy.engine.Engine - INFO - [cached since 6.434s ago] (1, 1, 0)
2026-05-14 15:05:15,493 - httpx - INFO - HTTP Request: GET https://api.frankfurter.app/latest?from=USD&to=EUR%2CCNY "HTTP/1.1 301 Moved Permanently"
2026-05-14 15:05:15,498 - trade_team - ERROR - 汇率API请求失败: Redirect response '301 Moved Permanently' for url 'https://api.frankfurter.app/latest?from=USD&to=EUR%2CCNY'
Redirect location: 'https://api.frankfurter.dev/v1/latest?from=USD&to=EUR%2CCNY'
For more information check: https://developer.mozilla.org/en-US/docs/Web/HTTP/Status/301
2026-05-14 15:05:15,500 - sqlalchemy.engine.Engine - INFO - ROLLBACK
2026-05-14 15:05:47,498 - trade_team - INFO - 👋 API 关闭
2026-05-14 15:05:59,269 - trade_team - INFO - 🚀 外贸团队协作工具 API 启动中...
2026-05-14 15:05:59,270 - sqlalchemy.engine.Engine - INFO - BEGIN (implicit)
2026-05-14 15:05:59,271 - sqlalchemy.engine.Engine - INFO - PRAGMA main.table_info("users")
2026-05-14 15:05:59,272 - sqlalchemy.engine.Engine - INFO - [raw sql] ()
2026-05-14 15:05:59,273 - sqlalchemy.engine.Engine - INFO - PRAGMA main.table_info("products")
2026-05-14 15:05:59,273 - sqlalchemy.engine.Engine - INFO - [raw sql] ()
2026-05-14 15:05:59,274 - sqlalchemy.engine.Engine - INFO - PRAGMA main.table_info("suppliers")
2026-05-14 15:05:59,274 - sqlalchemy.engine.Engine - INFO - [raw sql] ()
2026-05-14 15:05:59,275 - sqlalchemy.engine.Engine - INFO - COMMIT
2026-05-14 15:05:59,275 - trade_team - INFO - ✅ 数据库初始化完成
2026-05-14 15:06:03,940 - sqlalchemy.engine.Engine - INFO - BEGIN (implicit)
2026-05-14 15:06:03,946 - sqlalchemy.engine.Engine - INFO - SELECT users.id AS users_id, users.username AS users_username, users.email AS users_email, users.hashed_password AS users_hashed_password, users.full_name AS users_full_name, users.role AS users_role, users.is_active AS users_is_active, users.avatar AS users_avatar, users.created_at AS users_created_at, users.updated_at AS users_updated_at 
FROM users 
WHERE users.username = ?
 LIMIT ? OFFSET ?
2026-05-14 15:06:03,947 - sqlalchemy.engine.Engine - INFO - [generated in 0.00057s] ('admin', 1, 0)
2026-05-14 15:06:04,555 - trade_team - INFO - 用户登录: admin
2026-05-14 15:06:04,559 - sqlalchemy.engine.Engine - INFO - ROLLBACK
2026-05-14 15:06:04,600 - sqlalchemy.engine.Engine - INFO - BEGIN (implicit)
2026-05-14 15:06:04,603 - sqlalchemy.engine.Engine - INFO - SELECT users.id AS users_id, users.username AS users_username, users.email AS users_email, users.hashed_password AS users_hashed_password, users.full_name AS users_full_name, users.role AS users_role, users.is_active AS users_is_active, users.avatar AS users_avatar, users.created_at AS users_created_at, users.updated_at AS users_updated_at 
FROM users 
WHERE users.id = ?
 LIMIT ? OFFSET ?
2026-05-14 15:06:04,603 - sqlalchemy.engine.Engine - INFO - [generated in 0.00052s] (1, 1, 0)
2026-05-14 15:06:04,718 - httpx - INFO - HTTP Request: GET https://api.frankfurter.app/latest?from=CNY&to=USD%2CEUR%2CGBP%2CJPY "HTTP/1.1 301 Moved Permanently"
2026-05-14 15:06:05,199 - httpx - INFO - HTTP Request: GET https://api.frankfurter.dev/v1/latest?from=CNY&to=USD%2CEUR%2CGBP%2CJPY "HTTP/1.1 200 OK"
2026-05-14 15:06:05,203 - sqlalchemy.engine.Engine - INFO - ROLLBACK
2026-05-14 15:06:05,229 - sqlalchemy.engine.Engine - INFO - BEGIN (implicit)
2026-05-14 15:06:05,230 - sqlalchemy.engine.Engine - INFO - SELECT users.id AS users_id, users.username AS users_username, users.email AS users_email, users.hashed_password AS users_hashed_password, users.full_name AS users_full_name, users.role AS users_role, users.is_active AS users_is_active, users.avatar AS users_avatar, users.created_at AS users_created_at, users.updated_at AS users_updated_at 
FROM users 
WHERE users.id = ?
 LIMIT ? OFFSET ?
2026-05-14 15:06:05,231 - sqlalchemy.engine.Engine - INFO - [cached since 0.6278s ago] (1, 1, 0)
2026-05-14 15:06:05,355 - httpx - INFO - HTTP Request: GET https://api.frankfurter.app/latest?from=USD&to=CNY "HTTP/1.1 301 Moved Permanently"
2026-05-14 15:06:05,399 - httpx - INFO - HTTP Request: GET https://api.frankfurter.dev/v1/latest?from=USD&to=CNY "HTTP/1.1 200 OK"
2026-05-14 15:06:05,402 - trade_team - INFO - 汇率查询: USD -> CNY
2026-05-14 15:06:05,405 - sqlalchemy.engine.Engine - INFO - ROLLBACK
2026-05-14 15:06:58,919 - sqlalchemy.engine.Engine - INFO - BEGIN (implicit)
2026-05-14 15:06:58,921 - sqlalchemy.engine.Engine - INFO - SELECT users.id AS users_id, users.username AS users_username, users.email AS users_email, users.hashed_password AS users_hashed_password, users.full_name AS users_full_name, users.role AS users_role, users.is_active AS users_is_active, users.avatar AS users_avatar, users.created_at AS users_created_at, users.updated_at AS users_updated_at 
FROM users 
WHERE users.username = ?
 LIMIT ? OFFSET ?
2026-05-14 15:06:58,921 - sqlalchemy.engine.Engine - INFO - [cached since 54.98s ago] ('admin', 1, 0)
2026-05-14 15:06:59,407 - trade_team - INFO - 用户登录: admin
2026-05-14 15:06:59,409 - sqlalchemy.engine.Engine - INFO - ROLLBACK
2026-05-14 15:06:59,432 - sqlalchemy.engine.Engine - INFO - BEGIN (implicit)
2026-05-14 15:06:59,432 - sqlalchemy.engine.Engine - INFO - SELECT users.id AS users_id, users.username AS users_username, users.email AS users_email, users.hashed_password AS users_hashed_password, users.full_name AS users_full_name, users.role AS users_role, users.is_active AS users_is_active, users.avatar AS users_avatar, users.created_at AS users_created_at, users.updated_at AS users_updated_at 
FROM users 
WHERE users.id = ?
 LIMIT ? OFFSET ?
2026-05-14 15:06:59,433 - sqlalchemy.engine.Engine - INFO - [cached since 54.83s ago] (1, 1, 0)
2026-05-14 15:06:59,440 - sqlalchemy.engine.Engine - INFO - SELECT products.id AS products_id, products.name AS products_name, products.sku AS products_sku, products.category AS products_category, products.description AS products_description, products.price_cny AS products_price_cny, products.price_usd AS products_price_usd, products.cost AS products_cost, products.weight AS products_weight, products.length AS products_length, products.width AS products_width, products.height AS products_height, products.stock AS products_stock, products.min_order_qty AS products_min_order_qty, products.image_url AS products_image_url, products.status AS products_status, products.supplier_id AS products_supplier_id, products.tags AS products_tags, products.alibaba_link AS products_alibaba_link, products.created_by AS products_created_by, products.created_at AS products_created_at, products.updated_at AS products_updated_at 
FROM products
2026-05-14 15:06:59,441 - sqlalchemy.engine.Engine - INFO - [generated in 0.00062s] ()
2026-05-14 15:06:59,442 - trade_team - INFO - 产品导出: 0 条
2026-05-14 15:06:59,455 - sqlalchemy.engine.Engine - INFO - ROLLBACK
2026-05-14 15:06:59,484 - sqlalchemy.engine.Engine - INFO - BEGIN (implicit)
2026-05-14 15:06:59,484 - sqlalchemy.engine.Engine - INFO - SELECT users.id AS users_id, users.username AS users_username, users.email AS users_email, users.hashed_password AS users_hashed_password, users.full_name AS users_full_name, users.role AS users_role, users.is_active AS users_is_active, users.avatar AS users_avatar, users.created_at AS users_created_at, users.updated_at AS users_updated_at 
FROM users 
WHERE users.id = ?
 LIMIT ? OFFSET ?
2026-05-14 15:06:59,484 - sqlalchemy.engine.Engine - INFO - [cached since 54.88s ago] (1, 1, 0)
2026-05-14 15:06:59,489 - sqlalchemy.engine.Engine - INFO - SELECT products.id AS products_id, products.name AS products_name, products.sku AS products_sku, products.category AS products_category, products.description AS products_description, products.price_cny AS products_price_cny, products.price_usd AS products_price_usd, products.cost AS products_cost, products.weight AS products_weight, products.length AS products_length, products.width AS products_width, products.height AS products_height, products.stock AS products_stock, products.min_order_qty AS products_min_order_qty, products.image_url AS products_image_url, products.status AS products_status, products.supplier_id AS products_supplier_id, products.tags AS products_tags, products.alibaba_link AS products_alibaba_link, products.created_by AS products_created_by, products.created_at AS products_created_at, products.updated_at AS products_updated_at 
FROM products 
WHERE products.sku = ?
 LIMIT ? OFFSET ?
2026-05-14 15:06:59,489 - sqlalchemy.engine.Engine - INFO - [generated in 0.00050s] ('TEST-001', 1, 0)
2026-05-14 15:06:59,491 - sqlalchemy.engine.Engine - INFO - SELECT products.id AS products_id, products.name AS products_name, products.sku AS products_sku, products.category AS products_category, products.description AS products_description, products.price_cny AS products_price_cny, products.price_usd AS products_price_usd, products.cost AS products_cost, products.weight AS products_weight, products.length AS products_length, products.width AS products_width, products.height AS products_height, products.stock AS products_stock, products.min_order_qty AS products_min_order_qty, products.image_url AS products_image_url, products.status AS products_status, products.supplier_id AS products_supplier_id, products.tags AS products_tags, products.alibaba_link AS products_alibaba_link, products.created_by AS products_created_by, products.created_at AS products_created_at, products.updated_at AS products_updated_at 
FROM products 
WHERE products.sku = ?
 LIMIT ? OFFSET ?
2026-05-14 15:06:59,492 - sqlalchemy.engine.Engine - INFO - [cached since 0.002891s ago] ('TEST-002', 1, 0)
2026-05-14 15:06:59,496 - sqlalchemy.engine.Engine - INFO - INSERT INTO products (name, sku, category, description, price_cny, price_usd, cost, weight, length, width, height, stock, min_order_qty, image_url, status, supplier_id, tags, alibaba_link, created_by) VALUES (?, ?, ?, ?, ?, ?, ?, ?, ?, ?, ?, ?, ?, ?, ?, ?, ?, ?, ?) RETURNING id, created_at, updated_at
2026-05-14 15:06:59,497 - sqlalchemy.engine.Engine - INFO - [generated in 0.00065s (insertmanyvalues) 1/2 (ordered; batch not supported)] ('测试假发A', 'TEST-001', '化纤假发', '', 150.0, 22.0, 80.0, 0.3, 0.0, 0.0, 0.0, 100, 10, '', 'active', None, '', '', 1)
2026-05-14 15:06:59,498 - sqlalchemy.engine.Engine - INFO - INSERT INTO products (name, sku, category, description, price_cny, price_usd, cost, weight, length, width, height, stock, min_order_qty, image_url, status, supplier_id, tags, alibaba_link, created_by) VALUES (?, ?, ?, ?, ?, ?, ?, ?, ?, ?, ?, ?, ?, ?, ?, ?, ?, ?, ?) RETURNING id, created_at, updated_at
2026-05-14 15:06:59,498 - sqlalchemy.engine.Engine - INFO - [insertmanyvalues 2/2 (ordered; batch not supported)] ('测试假发B', 'TEST-002', '真人假发', '', 280.0, 42.0, 150.0, 0.5, 0.0, 0.0, 0.0, 50, 5, '', 'active', None, '', '', 1)
2026-05-14 15:06:59,499 - sqlalchemy.engine.Engine - INFO - COMMIT
2026-05-14 15:06:59,504 - trade_team - INFO - 批量导入: 成功 2 条, 失败 0 条
2026-05-14 15:06:59,595 - sqlalchemy.engine.Engine - INFO - BEGIN (implicit)
2026-05-14 15:06:59,595 - sqlalchemy.engine.Engine - INFO - SELECT users.id AS users_id, users.username AS users_username, users.email AS users_email, users.hashed_password AS users_hashed_password, users.full_name AS users_full_name, users.role AS users_role, users.is_active AS users_is_active, users.avatar AS users_avatar, users.created_at AS users_created_at, users.updated_at AS users_updated_at 
FROM users 
WHERE users.id = ?
 LIMIT ? OFFSET ?
2026-05-14 15:06:59,596 - sqlalchemy.engine.Engine - INFO - [cached since 54.99s ago] (1, 1, 0)
2026-05-14 15:06:59,607 - sqlalchemy.engine.Engine - INFO - SELECT count(*) AS count_1 
FROM (SELECT products.id AS products_id, products.name AS products_name, products.sku AS products_sku, products.category AS products_category, products.description AS products_description, products.price_cny AS products_price_cny, products.price_usd AS products_price_usd, products.cost AS products_cost, products.weight AS products_weight, products.length AS products_length, products.width AS products_width, products.height AS products_height, products.stock AS products_stock, products.min_order_qty AS products_min_order_qty, products.image_url AS products_image_url, products.status AS products_status, products.supplier_id AS products_supplier_id, products.tags AS products_tags, products.alibaba_link AS products_alibaba_link, products.created_by AS products_created_by, products.created_at AS products_created_at, products.updated_at AS products_updated_at 
FROM products) AS anon_1
2026-05-14 15:06:59,607 - sqlalchemy.engine.Engine - INFO - [generated in 0.00068s] ()
2026-05-14 15:06:59,612 - sqlalchemy.engine.Engine - INFO - SELECT products.id AS products_id, products.name AS products_name, products.sku AS products_sku, products.category AS products_category, products.description AS products_description, products.price_cny AS products_price_cny, products.price_usd AS products_price_usd, products.cost AS products_cost, products.weight AS products_weight, products.length AS products_length, products.width AS products_width, products.height AS products_height, products.stock AS products_stock, products.min_order_qty AS products_min_order_qty, products.image_url AS products_image_url, products.status AS products_status, products.supplier_id AS products_supplier_id, products.tags AS products_tags, products.alibaba_link AS products_alibaba_link, products.created_by AS products_created_by, products.created_at AS products_created_at, products.updated_at AS products_updated_at 
FROM products ORDER BY products.created_at DESC
 LIMIT ? OFFSET ?
2026-05-14 15:06:59,612 - sqlalchemy.engine.Engine - INFO - [generated in 0.00055s] (20, 0)
2026-05-14 15:06:59,617 - sqlalchemy.engine.Engine - INFO - ROLLBACK
2026-05-14 15:07:44,206 - trade_team - INFO - 👋 API 关闭
2026-05-14 15:07:55,888 - trade_team - INFO - 🚀 外贸团队协作工具 API 启动中...
2026-05-14 15:07:55,890 - sqlalchemy.engine.Engine - INFO - BEGIN (implicit)
2026-05-14 15:07:55,891 - sqlalchemy.engine.Engine - INFO - PRAGMA main.table_info("users")
2026-05-14 15:07:55,891 - sqlalchemy.engine.Engine - INFO - [raw sql] ()
2026-05-14 15:07:55,893 - sqlalchemy.engine.Engine - INFO - PRAGMA main.table_info("products")
2026-05-14 15:07:55,893 - sqlalchemy.engine.Engine - INFO - [raw sql] ()
2026-05-14 15:07:55,893 - sqlalchemy.engine.Engine - INFO - PRAGMA main.table_info("suppliers")
2026-05-14 15:07:55,894 - sqlalchemy.engine.Engine - INFO - [raw sql] ()
2026-05-14 15:07:55,894 - sqlalchemy.engine.Engine - INFO - COMMIT
2026-05-14 15:07:55,895 - trade_team - INFO - ✅ 数据库初始化完成
2026-05-14 15:08:00,327 - sqlalchemy.engine.Engine - INFO - BEGIN (implicit)
2026-05-14 15:08:00,334 - sqlalchemy.engine.Engine - INFO - SELECT users.id AS users_id, users.username AS users_username, users.email AS users_email, users.hashed_password AS users_hashed_password, users.full_name AS users_full_name, users.role AS users_role, users.is_active AS users_is_active, users.avatar AS users_avatar, users.created_at AS users_created_at, users.updated_at AS users_updated_at 
FROM users 
WHERE users.username = ?
 LIMIT ? OFFSET ?
2026-05-14 15:08:00,334 - sqlalchemy.engine.Engine - INFO - [generated in 0.00048s] ('admin', 1, 0)
2026-05-14 15:08:00,900 - trade_team - INFO - 用户登录: admin
2026-05-14 15:08:00,905 - sqlalchemy.engine.Engine - INFO - ROLLBACK
2026-05-14 15:08:01,138 - sqlalchemy.engine.Engine - INFO - BEGIN (implicit)
2026-05-14 15:08:01,141 - sqlalchemy.engine.Engine - INFO - SELECT users.id AS users_id, users.username AS users_username, users.email AS users_email, users.hashed_password AS users_hashed_password, users.full_name AS users_full_name, users.role AS users_role, users.is_active AS users_is_active, users.avatar AS users_avatar, users.created_at AS users_created_at, users.updated_at AS users_updated_at 
FROM users 
WHERE users.id = ?
 LIMIT ? OFFSET ?
2026-05-14 15:08:01,142 - sqlalchemy.engine.Engine - INFO - [generated in 0.00057s] (1, 1, 0)
2026-05-14 15:08:01,144 - trade_team - INFO - 图片上传成功: 13f0d1cfcc7047d29a4d47deb26eed41.jpg (用户: admin)
2026-05-14 15:08:01,146 - sqlalchemy.engine.Engine - INFO - ROLLBACK
2026-05-14 15:08:52,561 - sqlalchemy.engine.Engine - INFO - BEGIN (implicit)
2026-05-14 15:08:52,563 - sqlalchemy.engine.Engine - INFO - SELECT users.id AS users_id, users.username AS users_username, users.email AS users_email, users.hashed_password AS users_hashed_password, users.full_name AS users_full_name, users.role AS users_role, users.is_active AS users_is_active, users.avatar AS users_avatar, users.created_at AS users_created_at, users.updated_at AS users_updated_at 
FROM users 
WHERE users.username = ?
 LIMIT ? OFFSET ?
2026-05-14 15:08:52,563 - sqlalchemy.engine.Engine - INFO - [cached since 52.23s ago] ('admin', 1, 0)
2026-05-14 15:08:53,093 - trade_team - INFO - 用户登录: admin
2026-05-14 15:08:53,096 - sqlalchemy.engine.Engine - INFO - ROLLBACK
2026-05-14 15:08:53,119 - sqlalchemy.engine.Engine - INFO - BEGIN (implicit)
2026-05-14 15:08:53,120 - sqlalchemy.engine.Engine - INFO - SELECT users.id AS users_id, users.username AS users_username, users.email AS users_email, users.hashed_password AS users_hashed_password, users.full_name AS users_full_name, users.role AS users_role, users.is_active AS users_is_active, users.avatar AS users_avatar, users.created_at AS users_created_at, users.updated_at AS users_updated_at 
FROM users 
WHERE users.id = ?
 LIMIT ? OFFSET ?
2026-05-14 15:08:53,120 - sqlalchemy.engine.Engine - INFO - [cached since 51.98s ago] (1, 1, 0)
2026-05-14 15:08:53,123 - sqlalchemy.engine.Engine - INFO - ROLLBACK
2026-05-14 15:08:53,185 - sqlalchemy.engine.Engine - INFO - BEGIN (implicit)
2026-05-14 15:08:53,187 - sqlalchemy.engine.Engine - INFO - SELECT users.id AS users_id, users.username AS users_username, users.email AS users_email, users.hashed_password AS users_hashed_password, users.full_name AS users_full_name, users.role AS users_role, users.is_active AS users_is_active, users.avatar AS users_avatar, users.created_at AS users_created_at, users.updated_at AS users_updated_at 
FROM users 
WHERE users.id = ?
 LIMIT ? OFFSET ?
2026-05-14 15:08:53,187 - sqlalchemy.engine.Engine - INFO - [cached since 52.05s ago] (1, 1, 0)
2026-05-14 15:08:53,189 - sqlalchemy.engine.Engine - INFO - ROLLBACK
2026-05-14 15:10:43,030 - sqlalchemy.engine.Engine - INFO - BEGIN (implicit)
2026-05-14 15:10:43,031 - sqlalchemy.engine.Engine - INFO - SELECT users.id AS users_id, users.username AS users_username, users.email AS users_email, users.hashed_password AS users_hashed_password, users.full_name AS users_full_name, users.role AS users_role, users.is_active AS users_is_active, users.avatar AS users_avatar, users.created_at AS users_created_at, users.updated_at AS users_updated_at 
FROM users 
WHERE users.username = ?
 LIMIT ? OFFSET ?
2026-05-14 15:10:43,031 - sqlalchemy.engine.Engine - INFO - [cached since 162.7s ago] ('admin', 1, 0)
2026-05-14 15:10:43,561 - trade_team - INFO - 用户登录: admin
2026-05-14 15:10:43,563 - sqlalchemy.engine.Engine - INFO - ROLLBACK
2026-05-14 15:10:52,039 - sqlalchemy.engine.Engine - INFO - BEGIN (implicit)
2026-05-14 15:10:52,041 - sqlalchemy.engine.Engine - INFO - SELECT users.id AS users_id, users.username AS users_username, users.email AS users_email, users.hashed_password AS users_hashed_password, users.full_name AS users_full_name, users.role AS users_role, users.is_active AS users_is_active, users.avatar AS users_avatar, users.created_at AS users_created_at, users.updated_at AS users_updated_at 
FROM users 
WHERE users.username = ?
 LIMIT ? OFFSET ?
2026-05-14 15:10:52,041 - sqlalchemy.engine.Engine - INFO - [cached since 171.7s ago] ('admin', 1, 0)
2026-05-14 15:10:52,571 - trade_team - INFO - 用户登录: admin
2026-05-14 15:10:52,573 - sqlalchemy.engine.Engine - INFO - ROLLBACK
2026-05-14 15:10:52,602 - sqlalchemy.engine.Engine - INFO - BEGIN (implicit)
2026-05-14 15:10:52,603 - sqlalchemy.engine.Engine - INFO - SELECT users.id AS users_id, users.username AS users_username, users.email AS users_email, users.hashed_password AS users_hashed_password, users.full_name AS users_full_name, users.role AS users_role, users.is_active AS users_is_active, users.avatar AS users_avatar, users.created_at AS users_created_at, users.updated_at AS users_updated_at 
FROM users 
WHERE users.id = ?
 LIMIT ? OFFSET ?
2026-05-14 15:10:52,603 - sqlalchemy.engine.Engine - INFO - [cached since 171.5s ago] (1, 1, 0)
2026-05-14 15:10:52,758 - httpx - INFO - HTTP Request: GET https://api.frankfurter.app/latest?from=CNY&to=USD "HTTP/1.1 301 Moved Permanently"
2026-05-14 15:10:52,836 - httpx - INFO - HTTP Request: GET https://api.frankfurter.dev/v1/latest?from=CNY&to=USD "HTTP/1.1 200 OK"
2026-05-14 15:10:52,838 - trade_team - INFO - 汇率查询: CNY -> USD
2026-05-14 15:10:52,841 - sqlalchemy.engine.Engine - INFO - ROLLBACK
2026-05-14 15:10:52,869 - sqlalchemy.engine.Engine - INFO - BEGIN (implicit)
2026-05-14 15:10:52,870 - sqlalchemy.engine.Engine - INFO - SELECT users.id AS users_id, users.username AS users_username, users.email AS users_email, users.hashed_password AS users_hashed_password, users.full_name AS users_full_name, users.role AS users_role, users.is_active AS users_is_active, users.avatar AS users_avatar, users.created_at AS users_created_at, users.updated_at AS users_updated_at 
FROM users 
WHERE users.id = ?
 LIMIT ? OFFSET ?
2026-05-14 15:10:52,870 - sqlalchemy.engine.Engine - INFO - [cached since 171.7s ago] (1, 1, 0)
2026-05-14 15:10:52,985 - httpx - INFO - HTTP Request: GET https://api.frankfurter.app/latest?from=CNY&to=USD%2CEUR%2CGBP%2CJPY "HTTP/1.1 301 Moved Permanently"
2026-05-14 15:10:53,024 - httpx - INFO - HTTP Request: GET https://api.frankfurter.dev/v1/latest?from=CNY&to=USD%2CEUR%2CGBP%2CJPY "HTTP/1.1 200 OK"
2026-05-14 15:10:53,031 - sqlalchemy.engine.Engine - INFO - ROLLBACK
2026-05-14 15:10:53,058 - sqlalchemy.engine.Engine - INFO - BEGIN (implicit)
2026-05-14 15:10:53,059 - sqlalchemy.engine.Engine - INFO - SELECT users.id AS users_id, users.username AS users_username, users.email AS users_email, users.hashed_password AS users_hashed_password, users.full_name AS users_full_name, users.role AS users_role, users.is_active AS users_is_active, users.avatar AS users_avatar, users.created_at AS users_created_at, users.updated_at AS users_updated_at 
FROM users 
WHERE users.id = ?
 LIMIT ? OFFSET ?
2026-05-14 15:10:53,059 - sqlalchemy.engine.Engine - INFO - [cached since 171.9s ago] (1, 1, 0)
2026-05-14 15:10:53,074 - sqlalchemy.engine.Engine - INFO - SELECT count(*) AS count_1 
FROM (SELECT products.id AS products_id, products.name AS products_name, products.sku AS products_sku, products.category AS products_category, products.description AS products_description, products.price_cny AS products_price_cny, products.price_usd AS products_price_usd, products.cost AS products_cost, products.weight AS products_weight, products.length AS products_length, products.width AS products_width, products.height AS products_height, products.stock AS products_stock, products.min_order_qty AS products_min_order_qty, products.image_url AS products_image_url, products.status AS products_status, products.supplier_id AS products_supplier_id, products.tags AS products_tags, products.alibaba_link AS products_alibaba_link, products.created_by AS products_created_by, products.created_at AS products_created_at, products.updated_at AS products_updated_at 
FROM products) AS anon_1
2026-05-14 15:10:53,074 - sqlalchemy.engine.Engine - INFO - [generated in 0.00058s] ()
2026-05-14 15:10:53,083 - sqlalchemy.engine.Engine - INFO - SELECT count(*) AS count_1 
FROM (SELECT products.id AS products_id, products.name AS products_name, products.sku AS products_sku, products.category AS products_category, products.description AS products_description, products.price_cny AS products_price_cny, products.price_usd AS products_price_usd, products.cost AS products_cost, products.weight AS products_weight, products.length AS products_length, products.width AS products_width, products.height AS products_height, products.stock AS products_stock, products.min_order_qty AS products_min_order_qty, products.image_url AS products_image_url, products.status AS products_status, products.supplier_id AS products_supplier_id, products.tags AS products_tags, products.alibaba_link AS products_alibaba_link, products.created_by AS products_created_by, products.created_at AS products_created_at, products.updated_at AS products_updated_at 
FROM products 
WHERE products.status = ?) AS anon_1
2026-05-14 15:10:53,083 - sqlalchemy.engine.Engine - INFO - [generated in 0.00059s] ('active',)
2026-05-14 15:10:53,094 - sqlalchemy.engine.Engine - INFO - SELECT count(*) AS count_1 
FROM (SELECT suppliers.id AS suppliers_id, suppliers.name AS suppliers_name, suppliers.contact_person AS suppliers_contact_person, suppliers.phone AS suppliers_phone, suppliers.email AS suppliers_email, suppliers.wechat AS suppliers_wechat, suppliers.address AS suppliers_address, suppliers.city AS suppliers_city, suppliers.province AS suppliers_province, suppliers.country AS suppliers_country, suppliers.website AS suppliers_website, suppliers.alibaba_store AS suppliers_alibaba_store, suppliers.rating AS suppliers_rating, suppliers.notes AS suppliers_notes, suppliers.is_active AS suppliers_is_active, suppliers.created_by AS suppliers_created_by, suppliers.created_at AS suppliers_created_at, suppliers.updated_at AS suppliers_updated_at 
FROM suppliers 
WHERE suppliers.is_active = 1) AS anon_1
2026-05-14 15:10:53,094 - sqlalchemy.engine.Engine - INFO - [generated in 0.00050s] ()
2026-05-14 15:10:53,098 - sqlalchemy.engine.Engine - INFO - SELECT coalesce(sum(products.stock), ?) AS coalesce_1 
FROM products
2026-05-14 15:10:53,098 - sqlalchemy.engine.Engine - INFO - [generated in 0.00050s] (0,)
2026-05-14 15:10:53,101 - sqlalchemy.engine.Engine - INFO - SELECT coalesce(sum(products.price_cny * products.stock), ?) AS coalesce_1 
FROM products
2026-05-14 15:10:53,101 - sqlalchemy.engine.Engine - INFO - [generated in 0.00039s] (0,)
2026-05-14 15:10:53,104 - sqlalchemy.engine.Engine - INFO - SELECT coalesce(sum(products.price_usd * products.stock), ?) AS coalesce_1 
FROM products
2026-05-14 15:10:53,104 - sqlalchemy.engine.Engine - INFO - [generated in 0.00041s] (0,)
2026-05-14 15:10:53,107 - sqlalchemy.engine.Engine - INFO - SELECT products.category AS products_category, count(products.id) AS count_1 
FROM products 
WHERE products.category != ? GROUP BY products.category
2026-05-14 15:10:53,107 - sqlalchemy.engine.Engine - INFO - [generated in 0.00041s] ('',)
2026-05-14 15:10:53,113 - sqlalchemy.engine.Engine - INFO - SELECT count(*) AS count_1 
FROM (SELECT products.id AS products_id, products.name AS products_name, products.sku AS products_sku, products.category AS products_category, products.description AS products_description, products.price_cny AS products_price_cny, products.price_usd AS products_price_usd, products.cost AS products_cost, products.weight AS products_weight, products.length AS products_length, products.width AS products_width, products.height AS products_height, products.stock AS products_stock, products.min_order_qty AS products_min_order_qty, products.image_url AS products_image_url, products.status AS products_status, products.supplier_id AS products_supplier_id, products.tags AS products_tags, products.alibaba_link AS products_alibaba_link, products.created_by AS products_created_by, products.created_at AS products_created_at, products.updated_at AS products_updated_at 
FROM products 
WHERE products.stock < ? AND products.stock > ?) AS anon_1
2026-05-14 15:10:53,114 - sqlalchemy.engine.Engine - INFO - [generated in 0.00059s] (10, 0)
2026-05-14 15:10:53,156 - sqlalchemy.engine.Engine - INFO - SELECT count(*) AS count_1 
FROM (SELECT products.id AS products_id, products.name AS products_name, products.sku AS products_sku, products.category AS products_category, products.description AS products_description, products.price_cny AS products_price_cny, products.price_usd AS products_price_usd, products.cost AS products_cost, products.weight AS products_weight, products.length AS products_length, products.width AS products_width, products.height AS products_height, products.stock AS products_stock, products.min_order_qty AS products_min_order_qty, products.image_url AS products_image_url, products.status AS products_status, products.supplier_id AS products_supplier_id, products.tags AS products_tags, products.alibaba_link AS products_alibaba_link, products.created_by AS products_created_by, products.created_at AS products_created_at, products.updated_at AS products_updated_at 
FROM products 
WHERE products.stock = ?) AS anon_1
2026-05-14 15:10:53,156 - sqlalchemy.engine.Engine - INFO - [generated in 0.00060s] (0,)
2026-05-14 15:10:53,158 - sqlalchemy.engine.Engine - INFO - SELECT products.status AS products_status, count(products.id) AS count_1 
FROM products GROUP BY products.status
2026-05-14 15:10:53,158 - sqlalchemy.engine.Engine - INFO - [generated in 0.00033s] ()
2026-05-14 15:10:53,163 - sqlalchemy.engine.Engine - INFO - ROLLBACK
2026-05-14 15:10:53,194 - sqlalchemy.engine.Engine - INFO - BEGIN (implicit)
2026-05-14 15:10:53,195 - sqlalchemy.engine.Engine - INFO - SELECT users.id AS users_id, users.username AS users_username, users.email AS users_email, users.hashed_password AS users_hashed_password, users.full_name AS users_full_name, users.role AS users_role, users.is_active AS users_is_active, users.avatar AS users_avatar, users.created_at AS users_created_at, users.updated_at AS users_updated_at 
FROM users 
WHERE users.id = ?
 LIMIT ? OFFSET ?
2026-05-14 15:10:53,195 - sqlalchemy.engine.Engine - INFO - [cached since 172.1s ago] (1, 1, 0)
2026-05-14 15:10:53,197 - sqlalchemy.engine.Engine - INFO - SELECT count(*) AS count_1 
FROM (SELECT products.id AS products_id, products.name AS products_name, products.sku AS products_sku, products.category AS products_category, products.description AS products_description, products.price_cny AS products_price_cny, products.price_usd AS products_price_usd, products.cost AS products_cost, products.weight AS products_weight, products.length AS products_length, products.width AS products_width, products.height AS products_height, products.stock AS products_stock, products.min_order_qty AS products_min_order_qty, products.image_url AS products_image_url, products.status AS products_status, products.supplier_id AS products_supplier_id, products.tags AS products_tags, products.alibaba_link AS products_alibaba_link, products.created_by AS products_created_by, products.created_at AS products_created_at, products.updated_at AS products_updated_at 
FROM products) AS anon_1
2026-05-14 15:10:53,197 - sqlalchemy.engine.Engine - INFO - [cached since 0.1237s ago] ()
2026-05-14 15:10:53,200 - sqlalchemy.engine.Engine - INFO - SELECT products.id AS products_id, products.name AS products_name, products.sku AS products_sku, products.category AS products_category, products.description AS products_description, products.price_cny AS products_price_cny, products.price_usd AS products_price_usd, products.cost AS products_cost, products.weight AS products_weight, products.length AS products_length, products.width AS products_width, products.height AS products_height, products.stock AS products_stock, products.min_order_qty AS products_min_order_qty, products.image_url AS products_image_url, products.status AS products_status, products.supplier_id AS products_supplier_id, products.tags AS products_tags, products.alibaba_link AS products_alibaba_link, products.created_by AS products_created_by, products.created_at AS products_created_at, products.updated_at AS products_updated_at 
FROM products ORDER BY products.created_at DESC
 LIMIT ? OFFSET ?
2026-05-14 15:10:53,201 - sqlalchemy.engine.Engine - INFO - [generated in 0.00059s] (20, 0)
2026-05-14 15:10:53,206 - sqlalchemy.engine.Engine - INFO - ROLLBACK
2026-05-14 15:11:33,466 - sqlalchemy.engine.Engine - INFO - BEGIN (implicit)
2026-05-14 15:11:33,469 - sqlalchemy.engine.Engine - INFO - SELECT users.id AS users_id, users.username AS users_username, users.email AS users_email, users.hashed_password AS users_hashed_password, users.full_name AS users_full_name, users.role AS users_role, users.is_active AS users_is_active, users.avatar AS users_avatar, users.created_at AS users_created_at, users.updated_at AS users_updated_at 
FROM users 
WHERE users.username = ?
 LIMIT ? OFFSET ?
2026-05-14 15:11:33,470 - sqlalchemy.engine.Engine - INFO - [cached since 213.1s ago] ('admin', 1, 0)
2026-05-14 15:11:33,980 - trade_team - INFO - 用户登录: admin
2026-05-14 15:11:33,983 - sqlalchemy.engine.Engine - INFO - ROLLBACK
2026-05-14 15:12:49,495 - sqlalchemy.engine.Engine - INFO - BEGIN (implicit)
2026-05-14 15:12:49,497 - sqlalchemy.engine.Engine - INFO - SELECT users.id AS users_id, users.username AS users_username, users.email AS users_email, users.hashed_password AS users_hashed_password, users.full_name AS users_full_name, users.role AS users_role, users.is_active AS users_is_active, users.avatar AS users_avatar, users.created_at AS users_created_at, users.updated_at AS users_updated_at 
FROM users 
WHERE users.username = ?
 LIMIT ? OFFSET ?
2026-05-14 15:12:49,497 - sqlalchemy.engine.Engine - INFO - [cached since 289.2s ago] ('admin', 1, 0)
2026-05-14 15:12:49,999 - trade_team - INFO - 用户登录: admin
2026-05-14 15:12:50,002 - sqlalchemy.engine.Engine - INFO - ROLLBACK
2026-05-14 15:12:50,228 - sqlalchemy.engine.Engine - INFO - BEGIN (implicit)
2026-05-14 15:12:50,229 - sqlalchemy.engine.Engine - INFO - SELECT users.id AS users_id, users.username AS users_username, users.email AS users_email, users.hashed_password AS users_hashed_password, users.full_name AS users_full_name, users.role AS users_role, users.is_active AS users_is_active, users.avatar AS users_avatar, users.created_at AS users_created_at, users.updated_at AS users_updated_at 
FROM users 
WHERE users.id = ?
 LIMIT ? OFFSET ?
2026-05-14 15:12:50,229 - sqlalchemy.engine.Engine - INFO - [cached since 289.1s ago] (1, 1, 0)
2026-05-14 15:12:50,231 - sqlalchemy.engine.Engine - INFO - ROLLBACK
2026-05-14 15:13:19,921 - sqlalchemy.engine.Engine - INFO - BEGIN (implicit)
2026-05-14 15:13:19,922 - sqlalchemy.engine.Engine - INFO - SELECT users.id AS users_id, users.username AS users_username, users.email AS users_email, users.hashed_password AS users_hashed_password, users.full_name AS users_full_name, users.role AS users_role, users.is_active AS users_is_active, users.avatar AS users_avatar, users.created_at AS users_created_at, users.updated_at AS users_updated_at 
FROM users 
WHERE users.id = ?
 LIMIT ? OFFSET ?
2026-05-14 15:13:19,927 - sqlalchemy.engine.Engine - INFO - [cached since 318.8s ago] (1, 1, 0)
2026-05-14 15:13:19,939 - sqlalchemy.engine.Engine - INFO - ROLLBACK
2026-05-14 15:14:13,734 - trade_team - INFO - 👋 API 关闭
2026-05-14 15:14:24,168 - trade_team - INFO - 🚀 外贸团队协作工具 API 启动中...
2026-05-14 15:14:24,170 - sqlalchemy.engine.Engine - INFO - BEGIN (implicit)
2026-05-14 15:14:24,171 - sqlalchemy.engine.Engine - INFO - PRAGMA main.table_info("users")
2026-05-14 15:14:24,171 - sqlalchemy.engine.Engine - INFO - [raw sql] ()
2026-05-14 15:14:24,173 - sqlalchemy.engine.Engine - INFO - PRAGMA main.table_info("products")
2026-05-14 15:14:24,173 - sqlalchemy.engine.Engine - INFO - [raw sql] ()
2026-05-14 15:14:24,174 - sqlalchemy.engine.Engine - INFO - PRAGMA main.table_info("suppliers")
2026-05-14 15:14:24,174 - sqlalchemy.engine.Engine - INFO - [raw sql] ()
2026-05-14 15:14:24,175 - sqlalchemy.engine.Engine - INFO - COMMIT
2026-05-14 15:14:24,175 - trade_team - INFO - ✅ 数据库初始化完成
2026-05-14 15:23:48,851 - sqlalchemy.engine.Engine - INFO - BEGIN (implicit)
2026-05-14 15:23:48,862 - sqlalchemy.engine.Engine - INFO - SELECT users.id AS users_id, users.username AS users_username, users.email AS users_email, users.hashed_password AS users_hashed_password, users.full_name AS users_full_name, users.role AS users_role, users.is_active AS users_is_active, users.avatar AS users_avatar, users.created_at AS users_created_at, users.updated_at AS users_updated_at 
FROM users 
WHERE users.username = ?
 LIMIT ? OFFSET ?
2026-05-14 15:23:48,863 - sqlalchemy.engine.Engine - INFO - [generated in 0.00073s] ('admin', 1, 0)
2026-05-14 15:23:48,865 - passlib.handlers.bcrypt - WARNING - (trapped) error reading bcrypt version
Traceback (most recent call last):
  File "/root/.hermes/hermes-agent/venv/lib/python3.11/site-packages/passlib/handlers/bcrypt.py", line 620, in _load_backend_mixin
    version = _bcrypt.__about__.__version__
              ^^^^^^^^^^^^^^^^^
AttributeError: module 'bcrypt' has no attribute '__about__'
2026-05-14 15:23:48,876 - sqlalchemy.engine.Engine - INFO - ROLLBACK
2026-05-14 15:23:56,331 - sqlalchemy.engine.Engine - INFO - BEGIN (implicit)
2026-05-14 15:23:56,332 - sqlalchemy.engine.Engine - INFO - SELECT users.id AS users_id, users.username AS users_username, users.email AS users_email, users.hashed_password AS users_hashed_password, users.full_name AS users_full_name, users.role AS users_role, users.is_active AS users_is_active, users.avatar AS users_avatar, users.created_at AS users_created_at, users.updated_at AS users_updated_at 
FROM users 
WHERE users.username = ?
 LIMIT ? OFFSET ?
2026-05-14 15:23:56,332 - sqlalchemy.engine.Engine - INFO - [cached since 7.47s ago] ('admin', 1, 0)
2026-05-14 15:23:56,333 - passlib.handlers.bcrypt - WARNING - (trapped) error reading bcrypt version
Traceback (most recent call last):
  File "/root/.hermes/hermes-agent/venv/lib/python3.11/site-packages/passlib/handlers/bcrypt.py", line 620, in _load_backend_mixin
    version = _bcrypt.__about__.__version__
              ^^^^^^^^^^^^^^^^^
AttributeError: module 'bcrypt' has no attribute '__about__'
2026-05-14 15:23:56,343 - sqlalchemy.engine.Engine - INFO - ROLLBACK
2026-05-14 15:23:59,476 - sqlalchemy.engine.Engine - INFO - BEGIN (implicit)
2026-05-14 15:23:59,477 - sqlalchemy.engine.Engine - INFO - SELECT users.id AS users_id, users.username AS users_username, users.email AS users_email, users.hashed_password AS users_hashed_password, users.full_name AS users_full_name, users.role AS users_role, users.is_active AS users_is_active, users.avatar AS users_avatar, users.created_at AS users_created_at, users.updated_at AS users_updated_at 
FROM users 
WHERE users.username = ?
 LIMIT ? OFFSET ?
2026-05-14 15:23:59,477 - sqlalchemy.engine.Engine - INFO - [cached since 10.62s ago] ('admin', 1, 0)
2026-05-14 15:23:59,478 - passlib.handlers.bcrypt - WARNING - (trapped) error reading bcrypt version
Traceback (most recent call last):
  File "/root/.hermes/hermes-agent/venv/lib/python3.11/site-packages/passlib/handlers/bcrypt.py", line 620, in _load_backend_mixin
    version = _bcrypt.__about__.__version__
              ^^^^^^^^^^^^^^^^^
AttributeError: module 'bcrypt' has no attribute '__about__'
2026-05-14 15:23:59,488 - sqlalchemy.engine.Engine - INFO - ROLLBACK
2026-05-14 15:24:16,574 - trade_team - INFO - 🚀 外贸团队协作工具 API 启动中...
2026-05-14 15:24:16,575 - sqlalchemy.engine.Engine - INFO - BEGIN (implicit)
2026-05-14 15:24:16,575 - sqlalchemy.engine.Engine - INFO - PRAGMA main.table_info("users")
2026-05-14 15:24:16,576 - sqlalchemy.engine.Engine - INFO - [raw sql] ()
2026-05-14 15:24:16,577 - sqlalchemy.engine.Engine - INFO - PRAGMA main.table_info("products")
2026-05-14 15:24:16,577 - sqlalchemy.engine.Engine - INFO - [raw sql] ()
2026-05-14 15:24:16,578 - sqlalchemy.engine.Engine - INFO - PRAGMA main.table_info("suppliers")
2026-05-14 15:24:16,578 - sqlalchemy.engine.Engine - INFO - [raw sql] ()
2026-05-14 15:24:16,579 - sqlalchemy.engine.Engine - INFO - COMMIT
2026-05-14 15:24:16,579 - trade_team - INFO - ✅ 数据库初始化完成
2026-05-14 15:24:16,581 - trade_team - INFO - 👋 API 关闭
2026-05-14 15:24:25,571 - sqlalchemy.engine.Engine - INFO - BEGIN (implicit)
2026-05-14 15:24:25,572 - sqlalchemy.engine.Engine - INFO - SELECT users.id AS users_id, users.username AS users_username, users.email AS users_email, users.hashed_password AS users_hashed_password, users.full_name AS users_full_name, users.role AS users_role, users.is_active AS users_is_active, users.avatar AS users_avatar, users.created_at AS users_created_at, users.updated_at AS users_updated_at 
FROM users 
WHERE users.username = ?
 LIMIT ? OFFSET ?
2026-05-14 15:24:25,572 - sqlalchemy.engine.Engine - INFO - [cached since 36.71s ago] ('admin', 1, 0)
2026-05-14 15:24:25,575 - passlib.handlers.bcrypt - WARNING - (trapped) error reading bcrypt version
Traceback (most recent call last):
  File "/root/.hermes/hermes-agent/venv/lib/python3.11/site-packages/passlib/handlers/bcrypt.py", line 620, in _load_backend_mixin
    version = _bcrypt.__about__.__version__
              ^^^^^^^^^^^^^^^^^
AttributeError: module 'bcrypt' has no attribute '__about__'
2026-05-14 15:24:25,587 - sqlalchemy.engine.Engine - INFO - ROLLBACK
2026-05-14 15:24:42,290 - trade_team - INFO - 🚀 外贸团队协作工具 API 启动中...
2026-05-14 15:24:42,292 - sqlalchemy.engine.Engine - INFO - BEGIN (implicit)
2026-05-14 15:24:42,292 - sqlalchemy.engine.Engine - INFO - PRAGMA main.table_info("users")
2026-05-14 15:24:42,293 - sqlalchemy.engine.Engine - INFO - [raw sql] ()
2026-05-14 15:24:42,294 - sqlalchemy.engine.Engine - INFO - PRAGMA main.table_info("products")
2026-05-14 15:24:42,294 - sqlalchemy.engine.Engine - INFO - [raw sql] ()
2026-05-14 15:24:42,295 - sqlalchemy.engine.Engine - INFO - PRAGMA main.table_info("suppliers")
2026-05-14 15:24:42,295 - sqlalchemy.engine.Engine - INFO - [raw sql] ()
2026-05-14 15:24:42,296 - sqlalchemy.engine.Engine - INFO - COMMIT
2026-05-14 15:24:42,296 - trade_team - INFO - ✅ 数据库初始化完成
2026-05-14 15:24:44,465 - sqlalchemy.engine.Engine - INFO - BEGIN (implicit)
2026-05-14 15:24:44,473 - sqlalchemy.engine.Engine - INFO - SELECT users.id AS users_id, users.username AS users_username, users.email AS users_email, users.hashed_password AS users_hashed_password, users.full_name AS users_full_name, users.role AS users_role, users.is_active AS users_is_active, users.avatar AS users_avatar, users.created_at AS users_created_at, users.updated_at AS users_updated_at 
FROM users 
WHERE users.username = ?
 LIMIT ? OFFSET ?
2026-05-14 15:24:44,474 - sqlalchemy.engine.Engine - INFO - [generated in 0.00105s] ('admin', 1, 0)
2026-05-14 15:24:44,477 - passlib.handlers.bcrypt - WARNING - (trapped) error reading bcrypt version
Traceback (most recent call last):
  File "/root/.hermes/hermes-agent/venv/lib/python3.11/site-packages/passlib/handlers/bcrypt.py", line 620, in _load_backend_mixin
    version = _bcrypt.__about__.__version__
              ^^^^^^^^^^^^^^^^^
AttributeError: module 'bcrypt' has no attribute '__about__'
2026-05-14 15:24:44,487 - sqlalchemy.engine.Engine - INFO - ROLLBACK
2026-05-14 15:25:50,633 - trade_team - INFO - 👋 API 关闭
2026-05-14 15:26:02,492 - trade_team - INFO - 🚀 外贸团队协作工具 API 启动中...
2026-05-14 15:26:02,495 - sqlalchemy.engine.Engine - INFO - BEGIN (implicit)
2026-05-14 15:26:02,495 - sqlalchemy.engine.Engine - INFO - PRAGMA main.table_info("users")
2026-05-14 15:26:02,496 - sqlalchemy.engine.Engine - INFO - [raw sql] ()
2026-05-14 15:26:02,497 - sqlalchemy.engine.Engine - INFO - PRAGMA main.table_info("products")
2026-05-14 15:26:02,498 - sqlalchemy.engine.Engine - INFO - [raw sql] ()
2026-05-14 15:26:02,498 - sqlalchemy.engine.Engine - INFO - PRAGMA main.table_info("suppliers")
2026-05-14 15:26:02,498 - sqlalchemy.engine.Engine - INFO - [raw sql] ()
2026-05-14 15:26:02,499 - sqlalchemy.engine.Engine - INFO - COMMIT
2026-05-14 15:26:02,500 - trade_team - INFO - ✅ 数据库初始化完成
2026-05-14 15:26:06,127 - sqlalchemy.engine.Engine - INFO - BEGIN (implicit)
2026-05-14 15:26:06,132 - sqlalchemy.engine.Engine - INFO - SELECT users.id AS users_id, users.username AS users_username, users.email AS users_email, users.hashed_password AS users_hashed_password, users.full_name AS users_full_name, users.role AS users_role, users.is_active AS users_is_active, users.avatar AS users_avatar, users.created_at AS users_created_at, users.updated_at AS users_updated_at 
FROM users 
WHERE users.username = ?
 LIMIT ? OFFSET ?
2026-05-14 15:26:06,132 - sqlalchemy.engine.Engine - INFO - [generated in 0.00046s] ('admin', 1, 0)
2026-05-14 15:26:06,800 - trade_team - INFO - 用户登录: admin
2026-05-14 15:26:06,805 - sqlalchemy.engine.Engine - INFO - ROLLBACK
2026-05-14 15:26:13,336 - sqlalchemy.engine.Engine - INFO - BEGIN (implicit)
2026-05-14 15:26:13,337 - sqlalchemy.engine.Engine - INFO - SELECT users.id AS users_id, users.username AS users_username, users.email AS users_email, users.hashed_password AS users_hashed_password, users.full_name AS users_full_name, users.role AS users_role, users.is_active AS users_is_active, users.avatar AS users_avatar, users.created_at AS users_created_at, users.updated_at AS users_updated_at 
FROM users 
WHERE users.username = ?
 LIMIT ? OFFSET ?
2026-05-14 15:26:13,337 - sqlalchemy.engine.Engine - INFO - [cached since 7.205s ago] ('admin', 1, 0)
2026-05-14 15:26:13,879 - trade_team - INFO - 用户登录: admin
2026-05-14 15:26:13,881 - sqlalchemy.engine.Engine - INFO - ROLLBACK
2026-05-14 15:26:14,188 - sqlalchemy.engine.Engine - INFO - BEGIN (implicit)
2026-05-14 15:26:14,191 - sqlalchemy.engine.Engine - INFO - SELECT users.id AS users_id, users.username AS users_username, users.email AS users_email, users.hashed_password AS users_hashed_password, users.full_name AS users_full_name, users.role AS users_role, users.is_active AS users_is_active, users.avatar AS users_avatar, users.created_at AS users_created_at, users.updated_at AS users_updated_at 
FROM users 
WHERE users.id = ?
 LIMIT ? OFFSET ?
2026-05-14 15:26:14,191 - sqlalchemy.engine.Engine - INFO - [generated in 0.00041s] (1, 1, 0)
2026-05-14 15:26:14,195 - sqlalchemy.engine.Engine - INFO - ROLLBACK
2026-05-14 15:26:15,639 - sqlalchemy.engine.Engine - INFO - BEGIN (implicit)
2026-05-14 15:26:15,640 - sqlalchemy.engine.Engine - INFO - SELECT users.id AS users_id, users.username AS users_username, users.email AS users_email, users.hashed_password AS users_hashed_password, users.full_name AS users_full_name, users.role AS users_role, users.is_active AS users_is_active, users.avatar AS users_avatar, users.created_at AS users_created_at, users.updated_at AS users_updated_at 
FROM users 
WHERE users.id = ?
 LIMIT ? OFFSET ?
2026-05-14 15:26:15,640 - sqlalchemy.engine.Engine - INFO - [cached since 1.449s ago] (1, 1, 0)
2026-05-14 15:26:15,658 - sqlalchemy.engine.Engine - INFO - SELECT count(*) AS count_1 
FROM (SELECT products.id AS products_id, products.name AS products_name, products.sku AS products_sku, products.category AS products_category, products.description AS products_description, products.price_cny AS products_price_cny, products.price_usd AS products_price_usd, products.cost AS products_cost, products.weight AS products_weight, products.length AS products_length, products.width AS products_width, products.height AS products_height, products.stock AS products_stock, products.min_order_qty AS products_min_order_qty, products.image_url AS products_image_url, products.status AS products_status, products.supplier_id AS products_supplier_id, products.tags AS products_tags, products.alibaba_link AS products_alibaba_link, products.created_by AS products_created_by, products.created_at AS products_created_at, products.updated_at AS products_updated_at 
FROM products) AS anon_1
2026-05-14 15:26:15,659 - sqlalchemy.engine.Engine - INFO - [generated in 0.00081s] ()
2026-05-14 15:26:15,667 - sqlalchemy.engine.Engine - INFO - SELECT count(*) AS count_1 
FROM (SELECT products.id AS products_id, products.name AS products_name, products.sku AS products_sku, products.category AS products_category, products.description AS products_description, products.price_cny AS products_price_cny, products.price_usd AS products_price_usd, products.cost AS products_cost, products.weight AS products_weight, products.length AS products_length, products.width AS products_width, products.height AS products_height, products.stock AS products_stock, products.min_order_qty AS products_min_order_qty, products.image_url AS products_image_url, products.status AS products_status, products.supplier_id AS products_supplier_id, products.tags AS products_tags, products.alibaba_link AS products_alibaba_link, products.created_by AS products_created_by, products.created_at AS products_created_at, products.updated_at AS products_updated_at 
FROM products 
WHERE products.status = ?) AS anon_1
2026-05-14 15:26:15,668 - sqlalchemy.engine.Engine - INFO - [generated in 0.00066s] ('active',)
2026-05-14 15:26:15,674 - sqlalchemy.engine.Engine - INFO - SELECT count(*) AS count_1 
FROM (SELECT suppliers.id AS suppliers_id, suppliers.name AS suppliers_name, suppliers.contact_person AS suppliers_contact_person, suppliers.phone AS suppliers_phone, suppliers.email AS suppliers_email, suppliers.wechat AS suppliers_wechat, suppliers.address AS suppliers_address, suppliers.city AS suppliers_city, suppliers.province AS suppliers_province, suppliers.country AS suppliers_country, suppliers.website AS suppliers_website, suppliers.alibaba_store AS suppliers_alibaba_store, suppliers.rating AS suppliers_rating, suppliers.notes AS suppliers_notes, suppliers.is_active AS suppliers_is_active, suppliers.created_by AS suppliers_created_by, suppliers.created_at AS suppliers_created_at, suppliers.updated_at AS suppliers_updated_at 
FROM suppliers 
WHERE suppliers.is_active = 1) AS anon_1
2026-05-14 15:26:15,675 - sqlalchemy.engine.Engine - INFO - [generated in 0.00070s] ()
2026-05-14 15:26:15,678 - sqlalchemy.engine.Engine - INFO - SELECT coalesce(sum(products.stock), ?) AS coalesce_1 
FROM products
2026-05-14 15:26:15,679 - sqlalchemy.engine.Engine - INFO - [generated in 0.00054s] (0,)
2026-05-14 15:26:15,681 - sqlalchemy.engine.Engine - INFO - SELECT coalesce(sum(products.price_cny * products.stock), ?) AS coalesce_1 
FROM products
2026-05-14 15:26:15,681 - sqlalchemy.engine.Engine - INFO - [generated in 0.00039s] (0,)
2026-05-14 15:26:15,684 - sqlalchemy.engine.Engine - INFO - SELECT coalesce(sum(products.price_usd * products.stock), ?) AS coalesce_1 
FROM products
2026-05-14 15:26:15,684 - sqlalchemy.engine.Engine - INFO - [generated in 0.00050s] (0,)
2026-05-14 15:26:15,687 - sqlalchemy.engine.Engine - INFO - SELECT products.category AS products_category, count(products.id) AS count_1 
FROM products 
WHERE products.category != ? GROUP BY products.category
2026-05-14 15:26:15,687 - sqlalchemy.engine.Engine - INFO - [generated in 0.00047s] ('',)
2026-05-14 15:26:15,696 - sqlalchemy.engine.Engine - INFO - SELECT count(*) AS count_1 
FROM (SELECT products.id AS products_id, products.name AS products_name, products.sku AS products_sku, products.category AS products_category, products.description AS products_description, products.price_cny AS products_price_cny, products.price_usd AS products_price_usd, products.cost AS products_cost, products.weight AS products_weight, products.length AS products_length, products.width AS products_width, products.height AS products_height, products.stock AS products_stock, products.min_order_qty AS products_min_order_qty, products.image_url AS products_image_url, products.status AS products_status, products.supplier_id AS products_supplier_id, products.tags AS products_tags, products.alibaba_link AS products_alibaba_link, products.created_by AS products_created_by, products.created_at AS products_created_at, products.updated_at AS products_updated_at 
FROM products 
WHERE products.stock < ? AND products.stock > ?) AS anon_1
2026-05-14 15:26:15,697 - sqlalchemy.engine.Engine - INFO - [generated in 0.00075s] (10, 0)
2026-05-14 15:26:15,702 - sqlalchemy.engine.Engine - INFO - SELECT count(*) AS count_1 
FROM (SELECT products.id AS products_id, products.name AS products_name, products.sku AS products_sku, products.category AS products_category, products.description AS products_description, products.price_cny AS products_price_cny, products.price_usd AS products_price_usd, products.cost AS products_cost, products.weight AS products_weight, products.length AS products_length, products.width AS products_width, products.height AS products_height, products.stock AS products_stock, products.min_order_qty AS products_min_order_qty, products.image_url AS products_image_url, products.status AS products_status, products.supplier_id AS products_supplier_id, products.tags AS products_tags, products.alibaba_link AS products_alibaba_link, products.created_by AS products_created_by, products.created_at AS products_created_at, products.updated_at AS products_updated_at 
FROM products 
WHERE products.stock = ?) AS anon_1
2026-05-14 15:26:15,702 - sqlalchemy.engine.Engine - INFO - [generated in 0.00047s] (0,)
2026-05-14 15:26:15,704 - sqlalchemy.engine.Engine - INFO - SELECT products.status AS products_status, count(products.id) AS count_1 
FROM products GROUP BY products.status
2026-05-14 15:26:15,704 - sqlalchemy.engine.Engine - INFO - [generated in 0.00024s] ()
2026-05-14 15:26:15,707 - sqlalchemy.engine.Engine - INFO - ROLLBACK
2026-05-14 15:26:16,137 - sqlalchemy.engine.Engine - INFO - BEGIN (implicit)
2026-05-14 15:26:16,138 - sqlalchemy.engine.Engine - INFO - SELECT users.id AS users_id, users.username AS users_username, users.email AS users_email, users.hashed_password AS users_hashed_password, users.full_name AS users_full_name, users.role AS users_role, users.is_active AS users_is_active, users.avatar AS users_avatar, users.created_at AS users_created_at, users.updated_at AS users_updated_at 
FROM users 
WHERE users.id = ?
 LIMIT ? OFFSET ?
2026-05-14 15:26:16,138 - sqlalchemy.engine.Engine - INFO - [cached since 1.947s ago] (1, 1, 0)
2026-05-14 15:26:16,140 - sqlalchemy.engine.Engine - INFO - SELECT count(*) AS count_1 
FROM (SELECT products.id AS products_id, products.name AS products_name, products.sku AS products_sku, products.category AS products_category, products.description AS products_description, products.price_cny AS products_price_cny, products.price_usd AS products_price_usd, products.cost AS products_cost, products.weight AS products_weight, products.length AS products_length, products.width AS products_width, products.height AS products_height, products.stock AS products_stock, products.min_order_qty AS products_min_order_qty, products.image_url AS products_image_url, products.status AS products_status, products.supplier_id AS products_supplier_id, products.tags AS products_tags, products.alibaba_link AS products_alibaba_link, products.created_by AS products_created_by, products.created_at AS products_created_at, products.updated_at AS products_updated_at 
FROM products) AS anon_1
2026-05-14 15:26:16,140 - sqlalchemy.engine.Engine - INFO - [cached since 0.4822s ago] ()
2026-05-14 15:26:16,142 - sqlalchemy.engine.Engine - INFO - SELECT products.id AS products_id, products.name AS products_name, products.sku AS products_sku, products.category AS products_category, products.description AS products_description, products.price_cny AS products_price_cny, products.price_usd AS products_price_usd, products.cost AS products_cost, products.weight AS products_weight, products.length AS products_length, products.width AS products_width, products.height AS products_height, products.stock AS products_stock, products.min_order_qty AS products_min_order_qty, products.image_url AS products_image_url, products.status AS products_status, products.supplier_id AS products_supplier_id, products.tags AS products_tags, products.alibaba_link AS products_alibaba_link, products.created_by AS products_created_by, products.created_at AS products_created_at, products.updated_at AS products_updated_at 
FROM products ORDER BY products.created_at DESC
 LIMIT ? OFFSET ?
2026-05-14 15:26:16,143 - sqlalchemy.engine.Engine - INFO - [generated in 0.00050s] (20, 0)
2026-05-14 15:26:16,146 - sqlalchemy.engine.Engine - INFO - ROLLBACK
2026-05-14 15:26:16,645 - sqlalchemy.engine.Engine - INFO - BEGIN (implicit)
2026-05-14 15:26:16,646 - sqlalchemy.engine.Engine - INFO - SELECT users.id AS users_id, users.username AS users_username, users.email AS users_email, users.hashed_password AS users_hashed_password, users.full_name AS users_full_name, users.role AS users_role, users.is_active AS users_is_active, users.avatar AS users_avatar, users.created_at AS users_created_at, users.updated_at AS users_updated_at 
FROM users 
WHERE users.id = ?
 LIMIT ? OFFSET ?
2026-05-14 15:26:16,646 - sqlalchemy.engine.Engine - INFO - [cached since 2.455s ago] (1, 1, 0)
2026-05-14 15:26:16,653 - sqlalchemy.engine.Engine - INFO - SELECT count(*) AS count_1 
FROM (SELECT suppliers.id AS suppliers_id, suppliers.name AS suppliers_name, suppliers.contact_person AS suppliers_contact_person, suppliers.phone AS suppliers_phone, suppliers.email AS suppliers_email, suppliers.wechat AS suppliers_wechat, suppliers.address AS suppliers_address, suppliers.city AS suppliers_city, suppliers.province AS suppliers_province, suppliers.country AS suppliers_country, suppliers.website AS suppliers_website, suppliers.alibaba_store AS suppliers_alibaba_store, suppliers.rating AS suppliers_rating, suppliers.notes AS suppliers_notes, suppliers.is_active AS suppliers_is_active, suppliers.created_by AS suppliers_created_by, suppliers.created_at AS suppliers_created_at, suppliers.updated_at AS suppliers_updated_at 
FROM suppliers) AS anon_1
2026-05-14 15:26:16,654 - sqlalchemy.engine.Engine - INFO - [generated in 0.00087s] ()
2026-05-14 15:26:16,656 - sqlalchemy.engine.Engine - INFO - SELECT suppliers.id AS suppliers_id, suppliers.name AS suppliers_name, suppliers.contact_person AS suppliers_contact_person, suppliers.phone AS suppliers_phone, suppliers.email AS suppliers_email, suppliers.wechat AS suppliers_wechat, suppliers.address AS suppliers_address, suppliers.city AS suppliers_city, suppliers.province AS suppliers_province, suppliers.country AS suppliers_country, suppliers.website AS suppliers_website, suppliers.alibaba_store AS suppliers_alibaba_store, suppliers.rating AS suppliers_rating, suppliers.notes AS suppliers_notes, suppliers.is_active AS suppliers_is_active, suppliers.created_by AS suppliers_created_by, suppliers.created_at AS suppliers_created_at, suppliers.updated_at AS suppliers_updated_at 
FROM suppliers ORDER BY suppliers.created_at DESC
 LIMIT ? OFFSET ?
2026-05-14 15:26:16,657 - sqlalchemy.engine.Engine - INFO - [generated in 0.00058s] (20, 0)
2026-05-14 15:26:16,660 - sqlalchemy.engine.Engine - INFO - ROLLBACK
2026-05-14 15:26:17,100 - sqlalchemy.engine.Engine - INFO - BEGIN (implicit)
2026-05-14 15:26:17,101 - sqlalchemy.engine.Engine - INFO - SELECT users.id AS users_id, users.username AS users_username, users.email AS users_email, users.hashed_password AS users_hashed_password, users.full_name AS users_full_name, users.role AS users_role, users.is_active AS users_is_active, users.avatar AS users_avatar, users.created_at AS users_created_at, users.updated_at AS users_updated_at 
FROM users 
WHERE users.id = ?
 LIMIT ? OFFSET ?
2026-05-14 15:26:17,102 - sqlalchemy.engine.Engine - INFO - [cached since 2.911s ago] (1, 1, 0)
2026-05-14 15:26:17,104 - sqlalchemy.engine.Engine - INFO - ROLLBACK
2026-05-14 15:26:17,559 - sqlalchemy.engine.Engine - INFO - BEGIN (implicit)
2026-05-14 15:26:17,560 - sqlalchemy.engine.Engine - INFO - SELECT users.id AS users_id, users.username AS users_username, users.email AS users_email, users.hashed_password AS users_hashed_password, users.full_name AS users_full_name, users.role AS users_role, users.is_active AS users_is_active, users.avatar AS users_avatar, users.created_at AS users_created_at, users.updated_at AS users_updated_at 
FROM users 
WHERE users.id = ?
 LIMIT ? OFFSET ?
2026-05-14 15:26:17,560 - sqlalchemy.engine.Engine - INFO - [cached since 3.369s ago] (1, 1, 0)
2026-05-14 15:26:17,565 - sqlalchemy.engine.Engine - INFO - SELECT count(*) AS count_1 
FROM (SELECT users.id AS users_id, users.username AS users_username, users.email AS users_email, users.hashed_password AS users_hashed_password, users.full_name AS users_full_name, users.role AS users_role, users.is_active AS users_is_active, users.avatar AS users_avatar, users.created_at AS users_created_at, users.updated_at AS users_updated_at 
FROM users) AS anon_1
2026-05-14 15:26:17,567 - sqlalchemy.engine.Engine - INFO - [generated in 0.00160s] ()
2026-05-14 15:26:17,569 - sqlalchemy.engine.Engine - INFO - SELECT users.id AS users_id, users.username AS users_username, users.email AS users_email, users.hashed_password AS users_hashed_password, users.full_name AS users_full_name, users.role AS users_role, users.is_active AS users_is_active, users.avatar AS users_avatar, users.created_at AS users_created_at, users.updated_at AS users_updated_at 
FROM users ORDER BY users.created_at DESC
 LIMIT ? OFFSET ?
2026-05-14 15:26:17,570 - sqlalchemy.engine.Engine - INFO - [generated in 0.00047s] (20, 0)
2026-05-14 15:26:17,572 - sqlalchemy.engine.Engine - INFO - ROLLBACK
2026-05-14 15:27:39,643 - sqlalchemy.engine.Engine - INFO - BEGIN (implicit)
2026-05-14 15:27:39,645 - sqlalchemy.engine.Engine - INFO - SELECT users.id AS users_id, users.username AS users_username, users.email AS users_email, users.hashed_password AS users_hashed_password, users.full_name AS users_full_name, users.role AS users_role, users.is_active AS users_is_active, users.avatar AS users_avatar, users.created_at AS users_created_at, users.updated_at AS users_updated_at 
FROM users 
WHERE users.username = ?
 LIMIT ? OFFSET ?
2026-05-14 15:27:39,645 - sqlalchemy.engine.Engine - INFO - [cached since 93.51s ago] ('admin', 1, 0)
2026-05-14 15:27:40,187 - trade_team - INFO - 用户登录: admin
2026-05-14 15:27:40,190 - sqlalchemy.engine.Engine - INFO - ROLLBACK
2026-05-14 15:27:40,215 - sqlalchemy.engine.Engine - INFO - BEGIN (implicit)
2026-05-14 15:27:40,216 - sqlalchemy.engine.Engine - INFO - SELECT users.id AS users_id, users.username AS users_username, users.email AS users_email, users.hashed_password AS users_hashed_password, users.full_name AS users_full_name, users.role AS users_role, users.is_active AS users_is_active, users.avatar AS users_avatar, users.created_at AS users_created_at, users.updated_at AS users_updated_at 
FROM users 
WHERE users.id = ?
 LIMIT ? OFFSET ?
2026-05-14 15:27:40,216 - sqlalchemy.engine.Engine - INFO - [cached since 86.03s ago] (1, 1, 0)
2026-05-14 15:27:40,319 - httpx - INFO - HTTP Request: GET https://api.frankfurter.app/latest?from=USD&to=CNY "HTTP/1.1 301 Moved Permanently"
2026-05-14 15:27:40,394 - httpx - INFO - HTTP Request: GET https://api.frankfurter.dev/v1/latest?from=USD&to=CNY "HTTP/1.1 200 OK"
2026-05-14 15:27:40,396 - trade_team - INFO - 汇率查询: USD -> CNY
2026-05-14 15:27:40,398 - sqlalchemy.engine.Engine - INFO - ROLLBACK
2026-05-14 15:27:44,152 - sqlalchemy.engine.Engine - INFO - BEGIN (implicit)
2026-05-14 15:27:44,153 - sqlalchemy.engine.Engine - INFO - SELECT users.id AS users_id, users.username AS users_username, users.email AS users_email, users.hashed_password AS users_hashed_password, users.full_name AS users_full_name, users.role AS users_role, users.is_active AS users_is_active, users.avatar AS users_avatar, users.created_at AS users_created_at, users.updated_at AS users_updated_at 
FROM users 
WHERE users.username = ?
 LIMIT ? OFFSET ?
2026-05-14 15:27:44,153 - sqlalchemy.engine.Engine - INFO - [cached since 98.02s ago] ('admin', 1, 0)
2026-05-14 15:27:44,690 - trade_team - INFO - 用户登录: admin
2026-05-14 15:27:44,693 - sqlalchemy.engine.Engine - INFO - ROLLBACK
2026-05-14 15:27:44,728 - sqlalchemy.engine.Engine - INFO - BEGIN (implicit)
2026-05-14 15:27:44,728 - sqlalchemy.engine.Engine - INFO - SELECT users.id AS users_id, users.username AS users_username, users.email AS users_email, users.hashed_password AS users_hashed_password, users.full_name AS users_full_name, users.role AS users_role, users.is_active AS users_is_active, users.avatar AS users_avatar, users.created_at AS users_created_at, users.updated_at AS users_updated_at 
FROM users 
WHERE users.id = ?
 LIMIT ? OFFSET ?
2026-05-14 15:27:44,728 - sqlalchemy.engine.Engine - INFO - [cached since 90.54s ago] (1, 1, 0)
2026-05-14 15:27:44,775 - httpx - INFO - HTTP Request: GET https://api.frankfurter.app/latest?from=USD&to=CNY "HTTP/1.1 301 Moved Permanently"
2026-05-14 15:27:44,819 - httpx - INFO - HTTP Request: GET https://api.frankfurter.dev/v1/latest?from=USD&to=CNY "HTTP/1.1 200 OK"
2026-05-14 15:27:44,820 - trade_team - INFO - 汇率查询: USD -> CNY
2026-05-14 15:27:44,822 - sqlalchemy.engine.Engine - INFO - ROLLBACK
2026-05-14 15:28:02,587 - sqlalchemy.engine.Engine - INFO - BEGIN (implicit)
2026-05-14 15:28:02,589 - sqlalchemy.engine.Engine - INFO - SELECT users.id AS users_id, users.username AS users_username, users.email AS users_email, users.hashed_password AS users_hashed_password, users.full_name AS users_full_name, users.role AS users_role, users.is_active AS users_is_active, users.avatar AS users_avatar, users.created_at AS users_created_at, users.updated_at AS users_updated_at 
FROM users 
WHERE users.username = ?
 LIMIT ? OFFSET ?
2026-05-14 15:28:02,589 - sqlalchemy.engine.Engine - INFO - [cached since 116.5s ago] ('admin', 1, 0)
2026-05-14 15:28:03,079 - trade_team - INFO - 用户登录: admin
2026-05-14 15:28:03,083 - sqlalchemy.engine.Engine - INFO - ROLLBACK
2026-05-14 15:28:12,321 - sqlalchemy.engine.Engine - INFO - BEGIN (implicit)
2026-05-14 15:28:12,323 - sqlalchemy.engine.Engine - INFO - SELECT users.id AS users_id, users.username AS users_username, users.email AS users_email, users.hashed_password AS users_hashed_password, users.full_name AS users_full_name, users.role AS users_role, users.is_active AS users_is_active, users.avatar AS users_avatar, users.created_at AS users_created_at, users.updated_at AS users_updated_at 
FROM users 
WHERE users.username = ?
 LIMIT ? OFFSET ?
2026-05-14 15:28:12,323 - sqlalchemy.engine.Engine - INFO - [cached since 126.2s ago] ('admin', 1, 0)
2026-05-14 15:28:12,800 - trade_team - INFO - 用户登录: admin
2026-05-14 15:28:12,803 - sqlalchemy.engine.Engine - INFO - ROLLBACK
2026-05-14 15:28:34,459 - trade_team - INFO - 🚀 外贸团队协作工具 API 启动中...
2026-05-14 15:28:34,461 - sqlalchemy.engine.Engine - INFO - BEGIN (implicit)
2026-05-14 15:28:34,462 - sqlalchemy.engine.Engine - INFO - PRAGMA main.table_info("users")
2026-05-14 15:28:34,462 - sqlalchemy.engine.Engine - INFO - [raw sql] ()
2026-05-14 15:28:34,463 - sqlalchemy.engine.Engine - INFO - PRAGMA main.table_info("products")
2026-05-14 15:28:34,463 - sqlalchemy.engine.Engine - INFO - [raw sql] ()
2026-05-14 15:28:34,464 - sqlalchemy.engine.Engine - INFO - PRAGMA main.table_info("suppliers")
2026-05-14 15:28:34,464 - sqlalchemy.engine.Engine - INFO - [raw sql] ()
2026-05-14 15:28:34,465 - sqlalchemy.engine.Engine - INFO - COMMIT
2026-05-14 15:28:34,466 - trade_team - INFO - ✅ 数据库初始化完成
2026-05-14 15:28:36,504 - sqlalchemy.engine.Engine - INFO - BEGIN (implicit)
2026-05-14 15:28:36,511 - sqlalchemy.engine.Engine - INFO - SELECT users.id AS users_id, users.username AS users_username, users.email AS users_email, users.hashed_password AS users_hashed_password, users.full_name AS users_full_name, users.role AS users_role, users.is_active AS users_is_active, users.avatar AS users_avatar, users.created_at AS users_created_at, users.updated_at AS users_updated_at 
FROM users 
WHERE users.username = ?
 LIMIT ? OFFSET ?
2026-05-14 15:28:36,512 - sqlalchemy.engine.Engine - INFO - [generated in 0.00095s] ('admin', 1, 0)
2026-05-14 15:28:37,082 - trade_team - INFO - 用户登录: admin
2026-05-14 15:28:37,085 - sqlalchemy.engine.Engine - INFO - ROLLBACK
2026-05-14 15:28:47,227 - sqlalchemy.engine.Engine - INFO - BEGIN (implicit)
2026-05-14 15:28:47,228 - sqlalchemy.engine.Engine - INFO - SELECT users.id AS users_id, users.username AS users_username, users.email AS users_email, users.hashed_password AS users_hashed_password, users.full_name AS users_full_name, users.role AS users_role, users.is_active AS users_is_active, users.avatar AS users_avatar, users.created_at AS users_created_at, users.updated_at AS users_updated_at 
FROM users 
WHERE users.username = ?
 LIMIT ? OFFSET ?
2026-05-14 15:28:47,229 - sqlalchemy.engine.Engine - INFO - [cached since 10.72s ago] ('admin', 1, 0)
2026-05-14 15:28:47,701 - trade_team - INFO - 用户登录: admin
2026-05-14 15:28:47,704 - sqlalchemy.engine.Engine - INFO - ROLLBACK
2026-05-14 15:28:47,732 - sqlalchemy.engine.Engine - INFO - BEGIN (implicit)
2026-05-14 15:28:47,733 - sqlalchemy.engine.Engine - INFO - SELECT users.id AS users_id, users.username AS users_username, users.email AS users_email, users.hashed_password AS users_hashed_password, users.full_name AS users_full_name, users.role AS users_role, users.is_active AS users_is_active, users.avatar AS users_avatar, users.created_at AS users_created_at, users.updated_at AS users_updated_at 
FROM users 
WHERE users.username = ?
 LIMIT ? OFFSET ?
2026-05-14 15:28:47,733 - sqlalchemy.engine.Engine - INFO - [cached since 11.22s ago] ('admin', 1, 0)
2026-05-14 15:28:48,289 - trade_team - INFO - 用户登录: admin
2026-05-14 15:28:48,292 - sqlalchemy.engine.Engine - INFO - ROLLBACK
2026-05-14 15:28:48,320 - sqlalchemy.engine.Engine - INFO - BEGIN (implicit)
2026-05-14 15:28:48,322 - sqlalchemy.engine.Engine - INFO - SELECT users.id AS users_id, users.username AS users_username, users.email AS users_email, users.hashed_password AS users_hashed_password, users.full_name AS users_full_name, users.role AS users_role, users.is_active AS users_is_active, users.avatar AS users_avatar, users.created_at AS users_created_at, users.updated_at AS users_updated_at 
FROM users 
WHERE users.id = ?
 LIMIT ? OFFSET ?
2026-05-14 15:28:48,322 - sqlalchemy.engine.Engine - INFO - [generated in 0.00039s] (1, 1, 0)
2026-05-14 15:28:48,427 - httpx - INFO - HTTP Request: GET https://api.frankfurter.app/latest?from=USD&to=CNY "HTTP/1.1 301 Moved Permanently"
2026-05-14 15:28:48,454 - httpx - INFO - HTTP Request: GET https://api.frankfurter.dev/v1/latest?from=USD&to=CNY "HTTP/1.1 200 OK"
2026-05-14 15:28:48,457 - trade_team - INFO - 汇率查询: USD -> CNY
2026-05-14 15:28:48,460 - sqlalchemy.engine.Engine - INFO - ROLLBACK
2026-05-14 15:29:59,850 - sqlalchemy.engine.Engine - INFO - BEGIN (implicit)
2026-05-14 15:29:59,851 - sqlalchemy.engine.Engine - INFO - SELECT users.id AS users_id, users.username AS users_username, users.email AS users_email, users.hashed_password AS users_hashed_password, users.full_name AS users_full_name, users.role AS users_role, users.is_active AS users_is_active, users.avatar AS users_avatar, users.created_at AS users_created_at, users.updated_at AS users_updated_at 
FROM users 
WHERE users.id = ?
 LIMIT ? OFFSET ?
2026-05-14 15:29:59,851 - sqlalchemy.engine.Engine - INFO - [cached since 71.53s ago] (1, 1, 0)
2026-05-14 15:29:59,854 - sqlalchemy.engine.Engine - INFO - ROLLBACK
2026-05-14 15:30:20,740 - sqlalchemy.engine.Engine - INFO - BEGIN (implicit)
2026-05-14 15:30:20,741 - sqlalchemy.engine.Engine - INFO - SELECT users.id AS users_id, users.username AS users_username, users.email AS users_email, users.hashed_password AS users_hashed_password, users.full_name AS users_full_name, users.role AS users_role, users.is_active AS users_is_active, users.avatar AS users_avatar, users.created_at AS users_created_at, users.updated_at AS users_updated_at 
FROM users 
WHERE users.username = ?
 LIMIT ? OFFSET ?
2026-05-14 15:30:20,741 - sqlalchemy.engine.Engine - INFO - [cached since 104.2s ago] ('admin', 1, 0)
2026-05-14 15:30:21,282 - trade_team - INFO - 用户登录: admin
2026-05-14 15:30:21,284 - sqlalchemy.engine.Engine - INFO - ROLLBACK
2026-05-14 15:30:21,669 - sqlalchemy.engine.Engine - INFO - BEGIN (implicit)
2026-05-14 15:30:21,670 - sqlalchemy.engine.Engine - INFO - SELECT users.id AS users_id, users.username AS users_username, users.email AS users_email, users.hashed_password AS users_hashed_password, users.full_name AS users_full_name, users.role AS users_role, users.is_active AS users_is_active, users.avatar AS users_avatar, users.created_at AS users_created_at, users.updated_at AS users_updated_at 
FROM users 
WHERE users.id = ?
 LIMIT ? OFFSET ?
2026-05-14 15:30:21,671 - sqlalchemy.engine.Engine - INFO - [cached since 93.35s ago] (1, 1, 0)
2026-05-14 15:30:21,676 - sqlalchemy.engine.Engine - INFO - ROLLBACK
2026-05-14 15:32:28,511 - sqlalchemy.engine.Engine - INFO - BEGIN (implicit)
2026-05-14 15:32:28,512 - sqlalchemy.engine.Engine - INFO - SELECT users.id AS users_id, users.username AS users_username, users.email AS users_email, users.hashed_password AS users_hashed_password, users.full_name AS users_full_name, users.role AS users_role, users.is_active AS users_is_active, users.avatar AS users_avatar, users.created_at AS users_created_at, users.updated_at AS users_updated_at 
FROM users 
WHERE users.id = ?
 LIMIT ? OFFSET ?
2026-05-14 15:32:28,512 - sqlalchemy.engine.Engine - INFO - [cached since 220.2s ago] (1, 1, 0)
2026-05-14 15:32:28,515 - sqlalchemy.engine.Engine - INFO - ROLLBACK
2026-05-15 01:04:29,267 - sqlalchemy.engine.Engine - INFO - BEGIN (implicit)
2026-05-15 01:04:29,294 - sqlalchemy.engine.Engine - INFO - SELECT users.id AS users_id, users.username AS users_username, users.email AS users_email, users.hashed_password AS users_hashed_password, users.full_name AS users_full_name, users.role AS users_role, users.is_active AS users_is_active, users.avatar AS users_avatar, users.created_at AS users_created_at, users.updated_at AS users_updated_at 
FROM users 
WHERE users.username = ?
 LIMIT ? OFFSET ?
2026-05-15 01:04:29,299 - sqlalchemy.engine.Engine - INFO - [cached since 3.455e+04s ago] ('admin', 1, 0)
2026-05-15 01:04:29,988 - trade_team - INFO - 用户登录: admin
2026-05-15 01:04:30,074 - sqlalchemy.engine.Engine - INFO - ROLLBACK
2026-05-15 01:04:31,851 - sqlalchemy.engine.Engine - INFO - BEGIN (implicit)
2026-05-15 01:04:31,853 - sqlalchemy.engine.Engine - INFO - SELECT users.id AS users_id, users.username AS users_username, users.email AS users_email, users.hashed_password AS users_hashed_password, users.full_name AS users_full_name, users.role AS users_role, users.is_active AS users_is_active, users.avatar AS users_avatar, users.created_at AS users_created_at, users.updated_at AS users_updated_at 
FROM users 
WHERE users.id = ?
 LIMIT ? OFFSET ?
2026-05-15 01:04:31,854 - sqlalchemy.engine.Engine - INFO - [cached since 3.454e+04s ago] (1, 1, 0)
2026-05-15 01:04:31,857 - sqlalchemy.engine.Engine - INFO - ROLLBACK
